pl_hostname,pl_letter,pl_name,pl_discmethod,pl_orbsmax,pl_orbsmaxerr1,pl_orbsmaxerr2,pl_orbsmaxlim,pl_orbeccen,pl_orbeccenerr1,pl_orbeccenerr2,pl_orbeccenlim,st_mass,st_masserr1,st_masserr2,pl_massj,pl_massjerr1,pl_massjerr2,pl_massjlim,pl_masse,pl_masseerr1,pl_masseerr2
PSR B1257+12,b,PSR B1257+12 b,Pulsar Timing,0.19,0,0,0,0,,,0,1.4,0,0,0.00006,0.00001,-0.00001,0,0.02,0.002,-0.002
TRAPPIST-1,d,TRAPPIST-1 d,Transit,0.02144,0.00066,-0.00063,0,0.07,,,1,0.08,0.01,-0.01,0.00129,0.00085,-0.00085,0,0.41,0.27,-0.27
KOI-55,b,KOI-55 b,Orbital Brightness Modulation,0.006,0,0,0,,,,,0.5,0,0,0.0014,0,0,0,0.44,0,0
TRAPPIST-1,e,TRAPPIST-1 e,Transit,0.02817,0.00083,-0.00087,0,0.085,,,1,0.08,0.01,-0.01,0.00195,0.00182,-0.00182,0,0.62,0.58,-0.58
KOI-55,c,KOI-55 c,Orbital Brightness Modulation,0.0076,0,0,0,,,,,0.5,0,0,0.0021,0,0,0,0.655,0,0
TRAPPIST-1,f,TRAPPIST-1 f,Transit,0.0371,0.0011,-0.0011,0,0.063,,,1,0.08,0.01,-0.01,0.00214,0.00057,-0.00057,0,0.68,0.18,-0.18
GJ 9827,c,GJ 9827 c,Transit,0.03925,0.00042,-0.00029,0,0,,,0,0.61,0.02,-0.01,0.00264,0,0,0,0.84,0,0
TRAPPIST-1,b,TRAPPIST-1 b,Transit,0.01111,0.00034,-0.00034,0,0.081,,,1,0.08,0.01,-0.01,0.00267,0.00227,-0.00227,0,0.85,0.72,-0.72
TRAPPIST-1,g,TRAPPIST-1 g,Transit,0.0451,0.0014,-0.0014,0,0.061,,,1,0.08,0.01,-0.01,0.00422,0.00277,-0.00277,0,1.34,0.88,-0.88
TRAPPIST-1,c,TRAPPIST-1 c,Transit,0.01521,0.00047,-0.00047,0,0.083,,,1,0.08,0.01,-0.01,0.00434,0.00192,-0.00192,0,1.38,0.61,-0.61
OGLE-2016-BLG-1195L,b,OGLE-2016-BLG-1195L b,Microlensing,1.16,0.16,-0.13,0,,,,,0.08,0.02,-0.01,0.0045,0.00142,-0.00101,0,1.43,0.45,-0.32
GJ 1132,b,GJ 1132 b,Transit,0.0153,0.0005,-0.0005,0,0.22,,,1,0.18,0.02,-0.02,0.00522,0.00072,-0.00072,0,1.66,0.23,-0.23
LHS 1140,c,LHS 1140 c,Transit,0.02675,0.0007,-0.0007,0,0.31,,,1,0.18,0.01,-0.01,0.00569,0.00123,-0.00123,0,1.81,0.39,-0.39
GJ 357,b,GJ 357 b,Transit,0.035,0.002,-0.002,0,,,,0,0.34,0.01,-0.01,0.00579,0.00098,-0.00098,0,1.84,0.31,-0.31
Kepler-11,b,Kepler-11 b,Transit,0.091,0.001,-0.001,0,0.045,0.068,-0.042,0,0.96,0.03,-0.03,0.006,0.004,-0.003,0,1.9,1.4,-1
Kepler-11,f,Kepler-11 f,Transit,0.25,0.002,-0.002,0,0.013,0.011,-0.009,0,0.96,0.03,-0.03,0.006,0.003,-0.003,0,2,0.8,-0.9
Kepler-47,b,Kepler-47 b,Transit,0.2877,0.0014,-0.0011,0,0.021,0.0025,-0.0022,0,0.96,0.01,-0.01,0.00651,0.07457,-0.00651,0,2.07,23.7,-2.07
Kepler-51,b,Kepler-51 b,Transit,0.2514,0.0097,-0.0097,0,0.04,0.01,-0.01,0,1.04,0.12,-0.12,0.007,0.005,-0.003,0,2.1,1.5,-0.8
LTT 1445 A,b,LTT 1445 A b,Transit,0.03807,0.00068,-0.00071,0,0.19,0.35,-0.14,0,0.26,0.01,-0.01,0.00692,0.00535,-0.00661,0,2.2,1.7,-2.1
OGLE-2013-BLG-0341L B,b,OGLE-2013-BLG-0341L B b,Microlensing,0.883,0.043,-0.043,0,,,,,0.15,0.01,-0.01,0.0073,0.0008,-0.0008,0,2.32,0.27,-0.27
Kepler-11,c,Kepler-11 c,Transit,0.107,0.001,-0.001,0,0.026,0.063,-0.013,0,0.96,0.03,-0.03,0.009,0.009,-0.005,0,2.9,2.9,-1.6
Kepler-47,c,Kepler-47 c,Transit,0.9638,0.0041,-0.0044,0,0.044,0.029,-0.019,0,0.96,0.01,-0.01,0.00997,0.00686,-0.00393,0,3.17,2.18,-1.25
MOA-2013-BLG-605L,b,MOA-2013-BLG-605L b,Microlensing,0.94,0.67,-0.02,0,,,,,0.03,0.01,0,0.01007,0.00157,-0.00094,0,3.2,0.5,-0.3
OGLE-2017-BLG-0173L,b,OGLE-2017-BLG-0173L b,Microlensing,3.913,1.615,-1.649,0,,,,0,0.4,0.39,-0.23,0.01029,0.01211,-0.00634,0,3.269,3.849,-2.015
MOA-2007-BLG-192L,b,MOA-2007-BLG-192L b,Microlensing,0.62,0.22,-0.16,0,,,,,0.06,0.03,-0.02,0.01,0.015,-0.005,0,3.3,4.9,-1.6
Kepler-107,b,Kepler-107 b,Transit,0.04544,0.00035,-0.00035,0,0,,,0,1.24,0.03,-0.03,0.01104,0.00478,-0.00478,0,3.51,1.52,-1.52
GJ 143,c,HD 21749 c,Transit,0.0695,0.0021,-0.0023,0,,,,0,0.73,0.07,-0.07,0.01164,0,0,1,3.7,0,0
Kepler-101,c,Kepler-101 c,Transit,0.0684,0.0014,-0.0014,0,0,,,0,1.17,0.07,-0.05,0.01,0,0,1,3.78,0,0
Kepler-107,d,Kepler-107 d,Transit,0.08377,0.00065,-0.00065,0,0,,,0,1.24,0.03,-0.03,0.01196,0,0,1,3.8,0,0
K2-36,b,K2-36 b,Transit,0.0223,0.0004,-0.0004,0,0,,,0,0.79,0.01,-0.01,0.01227,0.00346,-0.00346,0,3.9,1.1,-1.1
PSR B1257+12,d,PSR B1257+12 d,Pulsar Timing,0.46,0,0,0,,,,0,1.4,0,0,0.01227,0.00063,-0.00063,0,3.9,0.2,-0.2
Kepler-289,d,Kepler-289 d,Transit,0.33,0.02,-0.02,0,,,,,1.08,0.02,-0.02,0.013,0.003,-0.003,0,4,0.9,-0.9
Kepler-51,c,Kepler-51 c,Transit,0.384,0.015,-0.015,0,0.014,0.013,-0.009,0,1.04,0.12,-0.12,0.013,0.001,-0.001,0,4,0.4,-0.4
Kepler-62,c,Kepler-62 c,Transit,0.0929,0.0009,-0.0009,0,,,,,0.69,0.02,-0.02,0.013,0,0,1,4,0,0
GJ 9827,d,GJ 9827 d,Transit,0.05591,0.00059,-0.00041,0,0,,,0,0.61,0.02,-0.01,0.01271,0.00258,-0.00264,0,4.04,0.82,-0.84
Kepler-79,e,Kepler-79 e,Transit,0.386,0.005,-0.005,0,0.012,0.044,-0.005,0,1.17,0.04,-0.04,0.013,0.0038,-0.0035,0,4.1,1.2,-1.1
Kepler-80,e,Kepler-80 e,Transit,0.0491,0.0007,-0.0007,0,,,,,0.73,0.03,-0.03,0.01299,0.00255,-0.00299,0,4.13,0.81,-0.95
PSR B1257+12,c,PSR B1257+12 c,Pulsar Timing,0.36,0,0,0,0.0186,0.0002,-0.0002,0,1.4,0,0,0.01353,0.00063,-0.00063,0,4.3,0.2,-0.2
HD 219134,c,HD 219134 c,Radial Velocity,0.0653,0.0008,-0.0008,0,0.062,0.039,-0.039,0,0.81,0.03,-0.03,0.01372,0.00069,-0.00069,0,4.36,0.22,-0.22
OGLE-2017-BLG-1434L,b,OGLE-2017-BLG-1434L b,Microlensing,1.18,0.1,-0.1,0,,,,0,0.23,0.03,-0.03,0.014,0.002,-0.002,0,4.44962,0.63566,-0.63566
Kepler-36,b,Kepler-36 b,Transit,0.1153,0.0015,-0.0015,0,0.039,,,1,1.07,0.04,-0.04,0.014,0.001,-0.001,0,4.45,0.33,-0.27
KOI-1599,c,KOI-1599.01,Transit,0.14728,0,0,0,0.014,,,0,1.02,0,0,0.01447,0.00094,-0.00094,0,4.6,0.3,-0.3
Kepler-10,b,Kepler-10 b,Transit,0.0172,0.00081,-0.00168,0,,,,,0.91,0.02,-0.02,0.0145,0.004,-0.0046,0,4.60853,1.27132,-1.46202
HD 219134,b,HD 219134 b,Radial Velocity,0.03876,0.00047,-0.00047,0,0,,,0,0.81,0.03,-0.03,0.01491,0.0006,-0.0006,0,4.74,0.19,-0.19
HD 39091,c,pi Men c,Transit,0.06839,0.0005,-0.0005,0,0,,,0,1.09,0.04,-0.04,0.01517,0.00264,-0.00271,0,4.82,0.84,-0.86
GJ 9827,b,GJ 9827 b,Transit,0.0188,0.0002,-0.00014,0,0,,,0,0.61,0.02,-0.01,0.01545,0.00154,-0.00154,0,4.91,0.49,-0.49
Kepler-1655,b,Kepler-1655 b,Transit,0.103,0.001,-0.001,0,,,,0,1.03,0.04,-0.04,0.01573,0.00975,-0.00881,0,5,3.1,-2.8
Kepler-21,b,Kepler-21 b,Transit,0.042717,0,0,0,0.02,0.1,-0.1,0,1.41,0.02,-0.03,0.01598,0.00541,-0.00541,0,5.08,1.72,-1.72
OGLE-2005-BLG-390L,b,OGLE-2005-BLG-390L b,Microlensing,2.6,1.5,-0.6,0,,,,,0.22,0.21,-0.11,0.017,0.017,-0.008,0,5.5,5.5,-2.7
CoRoT-24,b,CoRoT-24 b,Transit,0.056,0.002,-0.002,0,0,,,0,0.91,0.09,-0.09,0.018,0,0,1,5.7,0,0
Kepler-79,c,Kepler-79 c,Transit,0.187,0.002,-0.003,0,0.03,0.027,-0.021,0,1.17,0.04,-0.04,0.019,0.006,-0.0072,0,5.9,1.9,-2.3
Kepler-79,d,Kepler-79 d,Transit,0.287,0.004,-0.004,0,0.025,0.059,-0.023,0,1.17,0.04,-0.04,0.019,0.0066,-0.005,0,6,2.1,-1.6
GJ 1214,b,GJ 1214 b,Transit,0.01411,0.00032,-0.00032,0,,,,,0.15,0.01,-0.01,0.0197,0.0027,-0.0027,0,6.26125,0.85814,-0.85814
Kepler-87,c,Kepler-87 c,Transit,0.676,0.037,-0.04,0,0.039,0.012,-0.012,0,1.1,0.05,-0.05,0.02,0.003,-0.003,0,6.4,0.8,-0.8
K2-291,b,K2-291 b,Transit,0.03261,0.00044,-0.00044,0,0,,,0,0.93,0.04,-0.04,0.02042,0.00365,-0.00365,0,6.49,1.16,-1.16
K2-285,d,K2-285 d,Transit,0.1178,0.0029,-0.0029,0,0,,,0,0.83,0.02,-0.02,0.02045,0,0,1,6.5,0,0
K2-265,b,K2-265 b,Transit,0.03376,0.00021,-0.00021,0,0.084,0.079,-0.079,0,0.92,0.02,-0.02,0.02058,0.00264,-0.00264,0,6.54,0.84,-0.84
MOA-2012-BLG-505L,b,MOA-2012-BLG-505L b,Microlensing,0.9,0.25,-0.21,0,,,,,0.1,0.16,-0.05,0.02108,0.03338,-0.01104,0,6.7,10.61,-3.51
Kepler-80,c,Kepler-80 c,Transit,0.0792,0.0011,-0.0011,0,,,,,0.73,0.03,-0.03,0.02121,0.00387,-0.00271,0,6.74,1.23,-0.86
Kepler-80,d,Kepler-80 d,Transit,0.0372,0.0005,-0.0005,0,,,,,0.73,0.03,-0.03,0.02124,0.00217,-0.0016,0,6.75,0.69,-0.51
GJ 876,d,GJ 876 d,Radial Velocity,0.020807,0,0,0,0.207,0.055,-0.055,0,0.32,0.03,-0.03,0.021,0.001,-0.001,0,6.83,0.4,-0.4
Kepler-18,b,Kepler-18 b,Transit,0.0447,0.0006,-0.0006,0,0,,,0,0.97,0.04,-0.04,0.022,0.011,-0.011,0,6.9,3.4,-3.4
Kepler-80,b,Kepler-80 b,Transit,0.0648,0.0009,-0.0009,0,,,,,0.73,0.03,-0.03,0.0218,0.0033,-0.0022,0,6.93,1.05,-0.7
LHS 1140,b,LHS 1140 b,Transit,0.0936,0.0024,-0.0024,0,0.06,,,1,0.18,0.01,-0.01,0.02196,0.0028,-0.0028,0,6.98,0.89,-0.89
HD 219134,f,HD 219134 f,Radial Velocity,0.1463,0.0018,-0.0018,0,0.148,0.047,-0.047,0,0.81,0.03,-0.03,0.02297,0.00126,-0.00126,-1,7.3,0.4,-0.4
Kepler-11,d,Kepler-11 d,Transit,0.155,0.001,-0.001,0,0.004,0.007,-0.002,0,0.96,0.03,-0.03,0.023,0.003,-0.005,0,7.3,0.8,-1.5
Kepler-289,b,Kepler-289 b,Transit,0.21,0.01,-0.01,0,,,,,1.08,0.02,-0.02,0.023,0.021,-0.021,0,7.3,6.8,-6.8
HD 15337,b,HD 15337 b,Transit,0.0522,0.0012,-0.0012,0,0.09,0.05,-0.05,0,0.9,0.03,-0.03,0.02363,0.00343,-0.00318,0,7.51,1.09,-1.01
Kepler-51,d,Kepler-51 d,Transit,0.509,0.02,-0.02,0,0.008,0.011,-0.008,0,1.04,0.12,-0.12,0.024,0.003,-0.003,0,7.6,1.1,-1.1
K2-36,c,K2-36 c,Transit,0.054,0.001,-0.001,0,0,,,0,0.79,0.01,-0.01,0.02454,0.00724,-0.00724,0,7.8,2.3,-2.3
K2-216,b,K2-216 b,Transit,0.028,0.003,-0.007,0,0,,,0,0.7,0.03,-0.03,0.02517,0.00503,-0.00503,0,8,1.6,-1.6
Kepler-11,e,Kepler-11 e,Transit,0.195,0.002,-0.002,0,0.012,0.006,-0.006,0,0.96,0.03,-0.03,0.025,0.005,-0.007,0,8,1.5,-2.1
55 Cnc,e,55 Cnc e,Radial Velocity,0.01544,0.00009,-0.00009,0,,,,0,0.91,0.01,-0.01,0.02542,0.00098,-0.00098,0,8.08,0.31,-0.31
Kepler-36,c,Kepler-36 c,Transit,0.1283,0.0016,-0.0016,0,0.033,,,1,1.07,0.04,-0.04,0.025,0.002,-0.001,0,8.08,0.6,-0.46
HD 15337,c,HD 15337 c,Transit,0.1268,0.0038,-0.0038,0,0.05,0.06,-0.04,0,0.9,0.03,-0.03,0.02552,0.00573,-0.00532,0,8.11,1.82,-1.69
CoRoT-7,c,CoRoT-7 c,Radial Velocity,0.046,0,0,0,0,,,0,0.82,0.17,-0.17,0.02643,0.00283,-0.00283,0,8.4,0.9,-0.9
GJ 3634,b,GJ 3634 b,Radial Velocity,0.0287,0.001,-0.0011,0,0.08,0.094,-0.057,0,0.45,0.05,-0.05,0.026,0.013,-0.005,0,8.4,4,-1.5
K2-111,b,K2-111 b,Transit,0.0621,0.0092,-0.0085,0,0,,,0,0.88,0.02,-0.02,0.02706,0.01227,-0.01227,0,8.6,3.9,-3.9
Kepler-107,e,Kepler-107 e,Transit,0.12639,0.00099,-0.00099,0,0,,,0,1.24,0.03,-0.03,0.02706,0.01133,-0.01133,0,8.6,3.6,-3.6
HD 213885,b,HD 213885 b,Transit,0.02012,0.00015,-0.00012,0,0,,,0,1.07,0.02,-0.02,0.02778,0.00208,-0.00205,0,8.83,0.66,-0.65
K2-266,d,K2-266 d,Transit,0.1035,0.0016,-0.0017,0,0.047,0.043,-0.032,0,0.69,0.03,-0.03,0.028,0.01793,-0.01196,0,8.9,5.7,-3.8
K2-18,b,K2-18 b,Transit,0.1429,0.006,-0.0065,0,0.2,0.08,-0.08,0,0.36,0.05,-0.05,0.02807,0.00535,-0.00503,0,8.92,1.7,-1.6
KOI-1599,b,KOI-1599.02,Transit,0.112293,0,0,0,0.0114,,,0,1.02,0,0,0.02832,0.00094,-0.00094,0,9,0.3,-0.3
Kepler-62,b,Kepler-62 b,Transit,0.0553,0.0005,-0.0005,0,,,,,0.69,0.02,-0.02,0.03,0,0,1,9,0,0
OGLE-2017-BLG-0482L,b,OGLE-2017-BLG-0482L b,Microlensing,1.8,0.6,-0.7,0,,,,0,0.2,0.2,-0.1,0.02832,0.02832,-0.01416,0,9,9,-4.5
MOA-2010-BLG-328L,b,MOA-2010-BLG-328L b,Microlensing,0.92,0.16,-0.16,0,,,,,0.11,0.01,-0.01,0.02895,0.00692,-0.00692,0,9.2,2.2,-2.2
TCP J05074264+2447555,b,TCP J05074264+2447555 b,Microlensing,0.5,0,0,0,,,,0,0.25,0.18,-0.18,0.02895,0.02077,-0.02077,0,9.2,6.6,-6.6
Kepler-107,c,Kepler-107 c,Transit,0.06064,0.00047,-0.00047,0,0,,,0,1.24,0.03,-0.03,0.02954,0.00557,-0.00557,0,9.39,1.77,-1.77
K2-285,b,K2-285 b,Transit,0.03817,0.00095,-0.00092,0,0,,,0,0.83,0.02,-0.02,0.03046,0.00381,-0.00431,0,9.68,1.21,-1.37
Kepler-20,b,Kepler-20 b,Transit,0.0463,0.0009,-0.0015,0,0.03,0.09,-0.03,0,0.95,0.05,-0.05,0.03052,0.00444,-0.00453,0,9.7,1.41,-1.44
K2-38,c,K2-38 c,Transit,0.0964,0.0016,-0.0016,0,,,,,2.24,1.67,-1.67,0.03115,0.01447,-0.01447,0,9.9,4.6,-4.6
Kepler-20,d,Kepler-20 d,Transit,0.3506,0.0081,-0.0101,0,,,,,0.95,0.05,-0.05,0.03168,0.01249,-0.01164,0,10.07,3.97,-3.7
MOA-2009-BLG-266L,b,MOA-2009-BLG-266L b,Microlensing,3.2,1.9,-0.5,0,,,,,0.56,0.09,-0.09,0.033,0.005,-0.005,0,10.4,1.7,-1.7
KOI-94,b,KOI-94 b,Transit,0.05119,0.00067,-0.00067,0,0.25,0.17,-0.17,0,1.28,0.05,-0.05,0.033,0.014,-0.014,0,10.5,4.6,-4.6
Kepler-538,b,Kepler-538 b,Transit,0.4669,0.0087,-0.009,0,0.041,0.034,-0.029,0,0.89,0.05,-0.04,0.03335,0.00787,-0.00755,0,10.6,2.5,-2.4
K2-285,e,K2-285 e,Transit,0.18041,0.0042,-0.0043,0,0,,,0,0.83,0.02,-0.02,0.03367,0,0,1,10.7,0,0
Kepler-411,e,Kepler-411 e,Transit Timing Variations,0.186,0.003,-0.003,0,0.016,0.002,-0.001,0,0.87,0.04,-0.04,0.03398,0.00346,-0.00346,0,10.8,1.1,-1.1
K2-290,b,K2-290 b,Transit,0.0923,0.0066,-0.0066,0,0,,,0,1.19,0.07,-0.08,0.0343,0,0,1,10.9,0,0
Kepler-79,b,Kepler-79 b,Transit,0.117,0.002,-0.002,0,0.015,0.012,-0.006,0,1.17,0.04,-0.04,0.0343,0.023,-0.019,0,10.9,7.4,-6
Kepler-30,b,Kepler-30 b,Transit,0.18,0,0,0,0.042,0.003,-0.003,0,0.99,0.08,-0.08,0.036,0.004,-0.004,0,11.3,1.4,-1.4
Kepler-82,b,Kepler-82 b,Transit,0.1683,0.002,-0.002,0,0.0033,0.0019,-0.00017,0,0.91,0.03,-0.03,0.03823,0.00302,-0.00274,0,12.15,0.96,-0.87
CoRoT-22,b,CoRoT-22 b,Transit,0.092,0.0014,-0.0014,0,0.077,0.3,-0.042,0,1.1,0.05,-0.05,0.038,0.044,-0.028,0,12.2,14,-8.8
HD 106315,b,HD 106315 b,Transit,0.0907,0.001,-0.001,0,0.093,0.11,-0.068,0,1.09,0.04,-0.04,0.03964,0.01007,-0.01007,0,12.6,3.2,-3.2
Kepler-20,c,Kepler-20 c,Transit,0.0949,0.0027,-0.0023,0,0.16,0.01,-0.09,0,0.95,0.05,-0.05,0.04012,0.00683,-0.00705,0,12.75,2.17,-2.24
GJ 3470,b,GJ 3470 b,Radial Velocity,0.0355,0.0019,-0.0019,0,,,,,0.54,0.05,-0.04,0.04373,0.00472,-0.00472,0,13.9,1.5,-1.5
Kepler-82,c,Kepler-82 c,Transit,0.2626,0.0032,-0.0032,0,0.007,0.0016,-0.0018,0,0.91,0.03,-0.03,0.04373,0.00409,-0.00378,0,13.9,1.3,-1.2
OGLE-2018-BLG-0596L,b,OGLE-2018-BLG-0596L b,Microlensing,0.97,0.13,-0.13,0,,,,0,0.23,0.03,-0.03,0.04383,0.00491,-0.00491,0,13.93,1.56,-1.56
Kepler-62,d,Kepler-62 d,Transit,0.12,0.001,-0.001,0,,,,,0.69,0.02,-0.02,0.044,0,0,1,14,0,0
OGLE-2005-BLG-169L,b,OGLE-2005-BLG-169L b,Microlensing,3.5,0.3,-0.3,0,,,,,0.69,0.02,-0.02,0.04436,0.00283,-0.00283,0,14.1,0.9,-0.9
K2-266,e,K2-266 e,Transit,0.1249,0.0019,-0.002,0,0.043,0.036,-0.03,0,0.69,0.03,-0.03,0.04499,0.02014,-0.01573,0,14.3,6.4,-5
GJ 876,e,GJ 876 e,Radial Velocity,0.3343,0.0013,-0.0013,0,0.055,0.012,-0.012,0,0.32,0.03,-0.03,0.046,0.005,-0.005,0,14.6,1.7,-1.7
K2-263,b,K2-263 b,Transit,0.2573,0.0029,-0.0029,0,0.14,,,1,0.88,0.03,-0.03,0.04657,0.00975,-0.00975,0,14.8,3.1,-3.1
HD 106315,c,HD 106315 c,Transit,0.1536,0.0017,-0.0017,0,0.22,0.15,-0.15,0,1.09,0.04,-0.04,0.04782,0.01164,-0.01164,0,15.2,3.7,-3.7
Kepler-411,d,Kepler-411 d,Transit,0.279,0.004,-0.004,0,0.128,0.003,-0.003,0,0.87,0.04,-0.04,0.04782,0.01605,-0.01605,0,15.2,5.1,-5.1
KOI-94,c,KOI-94 c,Transit,0.1013,0.0013,-0.0013,0,0.43,0.23,-0.23,0,1.28,0.05,-0.05,0.049,0.018,-0.049,0,15.6,5.7,-15.6
K2-285,c,K2-285 c,Transit,0.0824,0.0018,-0.0018,0,0,,,0,0.83,0.02,-0.02,0.04933,0.00717,-0.0067,0,15.68,2.28,-2.13
Kepler-453,b,Kepler-453 b,Transit,0.7903,0.0028,-0.0028,0,0.0359,0.0088,-0.0088,0,0.94,0.01,-0.01,0.05034,0,0,1,16,0,0
HD 219134,d,HD 219134 d,Radial Velocity,0.237,0.003,-0.003,0,0.138,0.025,-0.025,0,0.81,0.03,-0.03,0.05088,0.00201,-0.00201,-1,16.17,0.64,-0.64
Kepler-18,d,Kepler-18 d,Transit,0.1172,0.0017,-0.0017,0,0,,,0,0.97,0.04,-0.04,0.052,0.004,-0.004,0,16.4,1.4,-1.4
HD 219666,b,HD 219666 b,Transit,0.06356,0.00265,-0.00265,0,0,,,0,0.92,0.03,-0.03,0.05223,0.00409,-0.00409,0,16.6,1.3,-1.3
HD 23472,c,HD 23472 c,Transit,0.17,0.001,-0.001,0,0,,,0,0.75,0.04,-0.03,0.05405,0.00337,-0.04333,0,17.18,1.07,-13.77
Kepler-18,c,Kepler-18 c,Transit,0.0752,0.0011,-0.0011,0,0,,,0,0.97,0.04,-0.04,0.054,0.006,-0.006,0,17.3,1.9,-1.9
OGLE-2015-BLG-1670L,b,OGLE-2015-BLG-1670L b,Microlensing,2.62,0.58,-0.6,0,,,,0,0.55,0.28,-0.28,0.05632,0.0302,-0.02769,0,17.9,9.6,-8.8
HD 23472,b,HD 23472 b,Transit,0.121,0.001,-0.001,0,0,,,0,0.75,0.04,-0.03,0.05638,0.00444,-0.04405,0,17.92,1.41,-14
MOA-2011-BLG-262L,b,MOA-2011-BLG-262L b,Microlensing,0.84,0.25,-0.14,0,,,,,0.12,0.19,-0.06,0.05663,0.0881,-0.03146,0,18,28,-10
MOA-2011-BLG-291L,b,MOA-2011-BLG-291L b,Microlensing,0.69,0.24,-0.24,0,,,,0,0.15,0.27,-0.1,0.05663,0.10698,-0.03776,0,18,34,-12
Kepler-47,d,Kepler-47 d,Transit,0.6992,0.0031,-0.0033,0,0.024,0.025,-0.017,0,0.96,0.01,-0.01,0.05984,0.07501,-0.03672,0,19.02,23.84,-11.67
OGLE-2007-BLG-368L,b,OGLE-2007-BLG-368L b,Microlensing,3.3,1.4,-0.8,0,,,,,0.64,0.21,-0.26,0.06,0.02,-0.03,0,20,7,-8
NGTS-4,b,NGTS-4 b,Transit,0.019,0.005,-0.005,0,0,,,0,0.75,0.02,-0.02,0.06481,0.00944,-0.00944,0,20.6,3,-3
Kepler-82,f,Kepler-82 f,Transit Timing Variations,0.3395,0.0041,-0.0041,0,0.0014,0.0018,-0.001,0,0.91,0.03,-0.03,0.06576,0.00315,-0.00315,0,20.9,1,-1
OGLE-2015-BLG-0966L,b,OGLE-2015-BLG-0966L b,Microlensing,2.1,0,0,0,,,,,0.38,0.04,-0.04,0.06607,0.00629,-0.00629,0,21,2,-2
K2-66,b,K2-66 b,Transit,0.05983,0.00072,-0.00072,0,0,,,0,1.11,0.04,-0.04,0.06702,0.01133,-0.01133,0,21.3,3.6,-3.6
GJ 436,b,GJ 436 b,Radial Velocity,0.0291,0.0015,-0.0015,0,0.13827,0.00018,-0.00018,0,0.47,0.07,-0.07,0.07,0.007,-0.007,0,22.1,2.3,-2.3
Kepler-56,b,Kepler-56 b,Transit,0.1028,0.0037,-0.0037,0,,,,,1.32,0.13,-0.13,0.07,0.012,-0.011,0,22.1,3.9,-3.6
GJ 143,b,GJ 143 b,Transit,0.1915,0.0058,-0.0063,0,0.188,0.076,-0.078,0,0.73,0.07,-0.07,0.07142,0.00692,-0.00598,0,22.7,2.2,-1.9
Kepler-30,d,Kepler-30 d,Transit,0.5,0,0,0,0.022,0.005,-0.005,0,0.99,0.08,-0.08,0.073,0.008,-0.008,0,23.1,2.7,-2.7
MOA-2008-BLG-310L,b,MOA-2008-BLG-310L b,Microlensing,1.61,0.98,-0.98,0,,,,0,0.21,0.14,-0.14,0.07362,0.05349,-0.05349,0,23.4,17,-17
Kepler-4,b,Kepler-4 b,Transit,0.0456,0.0009,-0.0009,0,0,,,0,1.22,0.05,-0.09,0.077,0.012,-0.012,0,24.472,3.814,-3.814
HD 119130,b,HD 119130 b,Transit,0.13,0.01,-0.01,0,0.04,0.06,-0.03,0,1,0.03,-0.03,0.07709,0.01384,-0.01384,0,24.5,4.4,-4.4
Kepler-11,g,Kepler-11 g,Transit,0.466,0.004,-0.004,0,0.15,,,1,0.96,0.03,-0.03,0.079,0,0,1,25,0,0
Kepler-411,b,Kepler-411 b,Transit,0.0375,0.0008,-0.0008,0,0.146,0.005,-0.004,0,0.87,0.04,-0.04,0.08055,0.00818,-0.00818,0,25.6,2.6,-2.6
Kepler-411,c,Kepler-411 c,Transit,0.0739,0.001,-0.001,0,0.108,0.003,-0.004,0,0.87,0.04,-0.04,0.08306,0.01856,-0.01856,0,26.4,5.9,-5.9
CoRoT-24,c,CoRoT-24 c,Transit,0.098,0.003,-0.003,0,0,,,0,0.91,0.09,-0.09,0.088,0.035,-0.035,0,28,11,-11
Kepler-117,b,Kepler-117 b,Transit,0.1445,0.0047,-0.0014,0,0.0493,0.0062,-0.0062,0,1.13,0.13,-0.02,0.094,0.033,-0.033,0,29.875,10.488,-10.488
Kepler-9,c,Kepler-9 c,Transit,0.227,0.012,-0.008,0,0.06691,0.0001,-0.00012,0,1.02,0.03,-0.04,0.09408,0.00346,-0.00409,0,29.9,1.1,-1.3
MOA-2011-BLG-028L,b,MOA-2011-BLG-028L b,Microlensing,4.14,0.64,-0.64,0,,,,,0.75,0.35,-0.3,0.09439,0.05034,-0.03776,0,30,16,-12
TOI 216,b,TOI 216.02,Transit,0.1293,0.0067,-0.0051,0,0.132,0.059,-0.023,0,0.87,0.04,-0.03,0.09439,0.06293,-0.04405,0,30,20,-14
K2-27,b,K2-27 b,Transit,0.06702,0.00071,-0.00071,0,0.251,0.088,-0.088,0,0.87,0.03,-0.02,0.09722,0.01447,-0.01447,0,30.9,4.6,-4.6
WASP-166,b,WASP-166 b,Transit,0.0641,0.0011,-0.0011,0,0,,,0,1.19,0.06,-0.06,0.101,0.005,-0.005,0,32.10083,1.58915,-1.58915
MOA-2015-BLG-337L,b,MOA-2015-BLG-337L b,Microlensing,0.24,0.06,-0.09,0,,,,0,0.01,0.04,-0.01,0.10603,0.40588,-0.07299,0,33.7,129,-23.2
KMT-2017-BLG-0165L,b,KMT-2017-BLG-0165L b,Microlensing,3.45,0.98,-0.95,0,,,,0,0.76,0.34,-0.27,0.10698,0.0472,-0.03776,0,34,15,-12
HD 89345,b,HD 89345 b,Transit,0.1066,0.0012,-0.0014,0,0.22,0.095,-0.13,0,1.16,0.04,-0.04,0.11,0.017,-0.018,0,34.9613,5.40311,-5.72094
KOI-94,e,KOI-94 e,Transit,0.3046,0.004,-0.004,0,0.019,0.23,-0.23,0,1.28,0.05,-0.05,0.11,0.057,-0.088,0,35,18,-28
Kepler-62,f,Kepler-62 f,Transit,0.718,0.007,-0.007,0,,,,,0.69,0.02,-0.02,0.11,0,0,1,35,0,0
OGLE-2012-BLG-0950L,b,OGLE-2012-BLG-0950L b,Microlensing,2.7,0.6,-0.7,0,,,,,0.56,0.12,-0.16,0.11012,0.05349,-0.02832,0,35,17,-9
Kepler-22,b,Kepler-22 b,Transit,0.849,0.018,-0.017,0,0,,,0,0.97,0.06,-0.06,0.113,0,0,1,36,0,0
Kepler-62,e,Kepler-62 e,Transit,0.427,0.004,-0.004,0,,,,,0.69,0.02,-0.02,0.113,0,0,1,36,0,0
WASP-139,b,WASP-139 b,Transit,0.062,0.002,-0.002,0,0,,,0,0.92,0.1,-0.1,0.117,0.017,-0.017,0,37.18611,5.40311,-5.40311
HATS-7,b,HATS-7 b,Transit,0.04012,0.00043,-0.00043,0,0.17,,,1,0.85,0.03,-0.03,0.12,0.012,-0.012,0,38.1396,3.81396,-3.81396
WASP-107,b,WASP-107 b,Transit,0.055,0.001,-0.001,0,0,,,0,0.69,0.05,-0.05,0.12,0.01,-0.01,0,38.1396,3.1783,-3.1783
Kepler-35,b,Kepler-35 b,Transit,0.60347,0.00101,-0.00103,0,0.042,0.007,-0.004,0,0.89,0.01,-0.01,0.127,0.02,-0.02,0,40.363,6.356,-6.356
WASP-156,b,WASP-156 b,Transit,0.0453,0.0009,-0.0009,0,0.007,,,1,0.84,0.05,-0.05,0.128,0.01,-0.009,0,40.68224,3.1783,-2.86047
Kepler-9,b,Kepler-9 b,Transit,0.143,0.007,-0.006,0,0.0609,0.001,-0.0013,0,1.02,0.03,-0.04,0.13655,0.00503,-0.00629,0,43.4,1.6,-2
HATS-8,b,HATS-8 b,Transit,0.04667,0.00055,-0.00055,0,0.376,,,1,1.06,0.04,-0.04,0.138,0.019,-0.019,0,43.86054,6.03877,-6.03877
55 Cnc,f,55 Cnc f,Radial Velocity,0.788,0.001,-0.001,0,0.305,0.075,-0.075,0,0.91,0.01,-0.01,0.141,0.012,-0.012,0,44.812,3.814,-3.814
OGLE-2012-BLG-0026L,b,OGLE-2012-BLG-0026L b,Microlensing,4,0.5,-0.5,0,,,,,1.06,0.05,-0.05,0.145,0.0082,-0.0082,0,46.08535,2.60621,-2.60621
WASP-182,b,WASP-182 b,Transit,0.0451,0.0009,-0.0009,0,0,,,0,1.08,0.06,-0.06,0.148,0.011,-0.011,0,47.03884,3.49613,-3.49613
CoRoTID 223977153,b,CoRoTID 223977153 b,Transit,0.071,0.001,-0.001,0,,,,0,1.08,0.08,-0.07,0.15,0.1,-0.1,0,47.6745,31.783,-31.783
Kepler-1656,b,Kepler-1656 b,Transit,0.197,0.021,-0.021,0,0.836,0.013,-0.012,0,1.03,0.04,-0.04,0.15291,0.01321,-0.01196,0,48.6,4.2,-3.8
MOA-2009-BLG-319L,b,MOA-2009-BLG-319L b,Microlensing,2.4,1.2,-0.6,0,,,,,0.38,0.34,-0.18,0.16,0.14,-0.08,0,50,44,-24
Kepler-101,b,Kepler-101 b,Transit,0.0474,0.001,-0.0008,0,0.086,0.08,-0.059,0,1.17,0.07,-0.05,0.16,0.02,-0.01,0,51.1,5.1,-4.7
55 Cnc,c,55 Cnc c,Radial Velocity,0.241376,0.000026,-0.000026,0,0.02,0.031,-0.031,0,0.91,0.01,-0.01,0.1714,0.0055,-0.0055,0,54.4738,1.748,-1.748
HATS-46,b,HATS-46 b,Transit,0.05367,0.00053,-0.00053,0,0.559,,,1,0.92,0.03,-0.03,0.173,0.062,-0.062,0,54.98459,19.70546,-19.70546
WASP-18,c,WASP-18 c,Transit Timing Variations,0.035,0,0,0,0.015,,,1,1.22,0,0,0.17368,0.0387,-0.0387,0,55.2,12.3,-12.3
OGLE-2014-BLG-1722L,b,OGLE-2014-BLG-1722L b,Microlensing,1.9,1.3,-0.8,0,,,,0,0.4,0.36,-0.24,0.17399,0.16141,-0.10414,0,55.3,51.3,-33.1
OGLE-2008-BLG-092L,b,OGLE-2008-BLG-092L b,Microlensing,18,0,0,0,,,,,0.71,0,0,0.18,0,0,0,56.6,0,0
HATS-62,b,HATS-62 b,Transit,0.04163,0.00024,-0.00016,0,0.298,,,0,0.9,0.01,-0.01,0.179,0,0,0,56.89157,0,0
WASP-127,b,WASP-127 b,Transit,0.052,0.0005,-0.0005,0,,,,,1.08,0.03,-0.03,0.18,0.02,-0.02,0,57.2094,6.3566,-6.3566
OGLE-2011-BLG-0173L,b,OGLE-2011-BLG-0173L b,Microlensing,8,0,0,0,,,,0,0.41,0.3,-0.21,0.19,0.18,-0.11,0,60.3877,57.2094,-34.9613
HD 221416,b,HD 221416 b,Transit,0.1228,0.0025,-0.0026,0,0.115,0.034,-0.03,0,1.21,0.07,-0.07,0.19,0.018,-0.018,0,60.5,5.7,-5.7
HAT-P-18,b,HAT-P-18 b,Transit,0.0559,0.0007,-0.0007,0,0.084,0.048,-0.048,0,0.77,0.03,-0.03,0.197,0.013,-0.013,0,62.61,4.132,-4.132
Kepler-413,b,Kepler-413 b,Transit,0.3553,0.002,-0.0018,0,0.1181,0.0018,-0.0017,0,0.82,0.01,-0.01,0.211,0.069,-0.066,0,67,22,-21
HAT-P-12,b,HAT-P-12 b,Transit,0.0384,0.0003,-0.0003,0,0,,,0,0.73,0.02,-0.02,0.211,0.012,-0.012,0,67.059,3.814,-3.814
CoRoT-8,b,CoRoT-8 b,Transit,0.063,0.001,-0.001,0,0,,,0,0.88,0.04,-0.04,0.22,0.03,-0.03,0,69.92,9.53,-9.53
Kepler-34,b,Kepler-34 b,Transit,1.0896,0.0009,-0.0009,0,0.182,0.016,-0.02,0,1.05,0,0,0.22,0.011,-0.01,0,69.92,3.496,-3.178
K2-261,b,K2-261 b,Transit,0.102,0.019,-0.02,0,0.39,0.15,-0.15,0,1.1,0.01,-0.02,0.223,0.031,-0.031,0,70.87609,9.85273,-9.85273
NGTS-5,b,NGTS-5 b,Transit,0.0382,0.0013,-0.0013,0,0,,,0,0.66,0.07,-0.06,0.229,0.037,-0.037,0,72.78307,11.75971,-11.75971
HATS-5,b,HATS-5 b,Transit,0.0542,0.0006,-0.0006,0,0.019,0.019,-0.019,0,0.94,0.03,-0.03,0.237,0.012,-0.012,0,75.323,3.814,-3.914
Kepler-425,b,Kepler-425 b,Transit,0.0464,0.0008,-0.0008,0,0.33,,,1,0.93,0.05,-0.05,0.25,0.08,-0.08,0,79.45,25.43,-25.43
OGLE-2007-BLG-349L A,c,OGLE-2007-BLG-349L AB c,Microlensing,2.59,0.43,-0.34,0,,,,,0.41,0.07,-0.07,0.25171,0.0409,-0.0409,0,80,13,-13
HATS-43,b,HATS-43 b,Transit,0.04944,0.00046,-0.00046,0,0.173,0.089,-0.089,0,0.84,0.02,-0.02,0.261,0.054,-0.054,0,82.95363,17.16282,-17.16282
OGLE-2014-BLG-1722L,c,OGLE-2014-BLG-1722L c,Microlensing,2.5,2.2,-1.1,0,,,,0,0.4,0.36,-0.24,0.26335,0.27184,-0.16109,0,83.7,86.4,-51.2
HAT-P-38,b,HAT-P-38 b,Transit,0.0523,0.0009,-0.0009,0,0.067,0.047,-0.047,0,0.89,0.04,0,0.267,0.02,-0.02,0,84.857,6.356,-6.356
CoRoT-25,b,CoRoT-25 b,Transit,0.0578,0.002,-0.0009,0,0,,,0,1.09,0.11,-0.05,0.27,0.04,-0.04,0,85.81,12.71,-12.71
MOA-2010-BLG-353L,b,MOA-2010-BLG-353L b,Microlensing,1.72,0.56,-0.48,0,,,,,0.18,0.32,-0.11,0.27,0.48,-0.16,0,85.8141,152.5584,-50.8528
WASP-131,b,WASP-131 b,Transit,0.0607,0.0009,-0.0009,0,0,,,0,1.06,0.06,-0.06,0.27,0.02,-0.02,0,85.8141,6.3566,-6.3566
OGLE-2006-BLG-109L,c,OGLE-2006-BLG-109L c,Microlensing,4.5,2.1,-1,0,0.15,0.17,-0.1,0,0.51,0.05,-0.04,0.27,0.02,-0.02,0,86,7,-7
WASP-147,b,WASP-147 b,Transit,0.0549,0.0012,-0.0013,0,0,,,0,1.04,0.07,-0.07,0.275,0.028,-0.027,0,87.40325,8.89924,-8.58141
WASP-160 B,b,WASP-160 B b,Transit,0.0452,0.0012,-0.0012,0,0,,,0,0.87,0.07,-0.07,0.278,0.044,-0.045,0,88.35674,13.98452,-14.30235
WASP-39,b,WASP-39 b,Transit,0.0486,0.0005,-0.0005,0,0,,,0,0.93,0.03,0,0.28,0.03,-0.03,0,88.989,9.535,-9.535
Kepler-427,b,Kepler-427 b,Transit,0.091,0.01,-0.01,0,0.57,,,1,0.96,0.06,-0.06,0.29,0.09,-0.09,0,92.17,28.6,-28.6
OGLE-2013-BLG-0132L,b,OGLE-2013-BLG-0132L b,Microlensing,3.6,1.4,-1.2,0,,,,0,0.54,0.3,-0.23,0.29,0.16,-0.13,0,92.1707,50.8528,-41.3179
HAT-P-19,b,HAT-P-19 b,Transit,0.0466,0.0008,-0.0008,0,0.067,0.042,-0.042,0,0.84,0.04,-0.04,0.292,0.018,-0.018,0,92.802,5.721,-5.721
WASP-181,b,WASP-181 b,Transit,0.05427,0.00069,-0.00069,0,,,,0,1.04,0.04,-0.04,0.299,0.034,-0.034,0,95.03117,10.80622,-10.80622
WASP-21,b,WASP-21 b,Transit,0.052,0.00041,-0.00044,0,0,,,0,0.89,0.08,-0.08,0.3,0.011,-0.011,0,95.345,3.496,-3.496
WASP-83,b,WASP-83 b,Transit,0.059,0.001,-0.001,0,0,,,0,1.11,0.09,-0.09,0.3,0.03,-0.03,0,95.349,9.5349,-9.5349
HAT-P-51,b,HAT-P-51 b,Transit,0.05069,0.00049,-0.00049,0,0.123,,,1,0.98,0.03,-0.03,0.309,0.018,-0.018,0,98.20947,5.72094,-5.72094
WASP-151,b,WASP-151 b,Transit,0.055,0.001,-0.001,0,0.003,,,1,1.08,0.08,-0.08,0.31,0.04,-0.03,0,98.5273,12.7132,-9.5349
WASP-20,b,WASP-20 b,Transit,0.06,0.00069,-0.00069,0,0,,,0,1.2,0.04,-0.04,0.311,0.017,-0.017,0,98.841,5.403,-5.403
K2-287,b,K2-287 b,Transit,0.1206,0.0008,-0.0008,0,0.478,0.025,-0.026,0,1.06,0.02,-0.02,0.315,0.027,-0.027,0,100.11645,8.58141,-8.58141
HATS-6,b,HATS-6 b,Transit,0.03623,0.00042,-0.00057,0,0,,,0,0.57,0.02,-0.03,0.319,0.07,-0.07,0,101.38777,22.2481,-22.2481
Kepler-16,b,Kepler-16 b,Transit,0.7048,0.0011,-0.0011,0,0.0069,0.001,-0.0015,0,0.69,0,0,0.333,0.016,-0.016,0,105.833,5.085,-5.085
KOI-94,d,KOI-94 d,Transit,0.1684,0.0022,-0.0022,0,0.022,0.038,-0.038,0,1.28,0.05,-0.05,0.334,0.035,-0.035,0,106,11,-11
K2-295,b,K2-295 b,Transit,0.0451,0.0006,-0.0014,0,0,,,0,0.74,0.04,-0.04,0.335,0.062,-0.062,0,106.47305,19.70546,-19.70546
Kepler-426,b,Kepler-426 b,Transit,0.0414,0.001,-0.001,0,0.18,,,1,0.91,0.06,-0.06,0.34,0.08,-0.08,0,108.06,25.43,-25.43
HAT-P-67,b,HAT-P-67 b,Transit,0.06505,0.00273,-0.00079,0,0,,,0,1.64,0.15,-0.07,0.34,0.25,-0.19,0,108.0622,79.4575,-60.3877
KMT-2018-BLG-1990L,b,KMT-2018-BLG-1990L b,Microlensing,0.763,0.219,-0.145,0,,,,0,0.09,0.04,-0.02,0.348,0.132,-0.087,0,110.60484,41.95356,-27.65121
HAT-P-44,b,HAT-P-44 b,Transit,0.0507,0.0007,-0.0007,0,0.044,0.052,-0.052,0,0.94,0.04,-0.04,0.352,0.029,-0.029,0,111.871,9.217,-9.217
Qatar-8,b,Qatar-8 b,Transit,0.0474,0.0008,-0.0008,0,0,,,0,1.03,0.05,-0.05,0.371,0.062,-0.062,0,117.91493,19.70546,-19.70546
Kepler-63,b,Kepler-63 b,Transit,0.08,0.002,-0.002,0,0.45,,,1,0.98,0.04,-0.04,0.378,0,0,1,120,0,0
Kepler-38,b,Kepler-38 b,Transit,0.4632,0.0082,-0.0092,0,0.032,,,1,0.94,0.06,-0.06,0.384,0,0,1,122,0,0
OGLE-2012-BLG-0563L,b,OGLE-2012-BLG-0563L b,Microlensing,0.9,0.52,-0.5,0,,,,,0.34,0.12,-0.2,0.39,0.14,-0.23,0,123,44,-73
HATS-50,b,HATS-50 b,Transit,0.05046,0.0006,-0.0006,0,0.516,,,1,1.17,0.04,-0.04,0.39,0.1,-0.1,0,123.9537,31.783,-31.783
WASP-153,b,WASP-153 b,Transit,0.048,0.001,-0.001,0,0.009,,,1,1.34,0.09,-0.09,0.39,0.02,-0.02,0,123.9537,6.3566,-6.3566
K2-232,b,K2-232 b,Transit,0.10356,0.00081,-0.00077,0,0.258,0.025,-0.025,0,1.19,0.03,-0.03,0.398,0.037,-0.037,0,126.49634,11.75971,-11.75971
OGLE-2017-BLG-0373L,b,OGLE-2017-BLG-0373L b,Microlensing,2.424,0.757,-0.783,0,,,,0,0.25,0.27,-0.13,0.401,0.637,-0.257,0,127.44983,202.45771,-81.68231
WASP-132,b,WASP-132 b,Transit,0.067,0.001,-0.001,0,0,,,0,0.8,0.04,-0.04,0.41,0.03,-0.03,0,130.3103,9.5349,-9.5349
HD 1397,b,HD 1397 b,Transit,0.1097,0.0011,-0.0013,0,0.251,0.02,-0.019,0,1.32,0.04,-0.05,0.415,0.02,-0.02,0,131.89945,6.3566,-6.3566
Kepler-289,c,Kepler-289 c,Transit,0.51,0.03,-0.03,0,,,,,1.08,0.02,-0.02,0.42,0.05,-0.05,0,132,17,-17
WASP-168,b,WASP-168 b,Transit,0.0519,0.0008,-0.0008,0,0,,,0,1.08,0.05,-0.05,0.42,0.04,-0.04,0,133.4886,12.7132,-12.7132
K2-60,b,K2-60 b,Transit,0.045,0.003,-0.003,0,0,,,0,0.97,0.07,-0.07,0.426,0.037,-0.037,0,135.39558,11.75971,-11.75971
Kepler-422,b,Kepler-422 b,Transit,0.082,0.011,-0.01,0,,,,,1.15,0.06,-0.06,0.43,0.13,-0.13,0,136.66,41.32,-41.32
Kepler-77,b,Kepler-77 b,Transit,0.04501,0.00063,-0.00063,0,0,,,0,0.95,0.04,-0.04,0.43,0.032,-0.032,0,136.661,10.17,-10.17
OGLE-2016-BLG-1067L,b,OGLE-2016-BLG-1067L b,Microlensing,1.7,0.38,-0.39,0,,,,0,0.3,0.15,-0.12,0.43,0.21,-0.17,0,136.6669,66.7443,-54.0311
Kepler-12,b,Kepler-12 b,Transit,0.0553,0.001,-0.0012,0,,,,,1.17,0.05,-0.05,0.432,0.053,-0.051,0,137.30256,16.84499,-16.20933
WASP-144,b,WASP-144 b,Transit,0.0316,0.0005,-0.0005,0,0,,,0,0.81,0.04,-0.04,0.44,0.06,-0.06,0,139.8452,19.0698,-19.0698
Kepler-7,b,Kepler-7 b,Transit,0.06067,0.00059,-0.00059,0,,,,,1.36,0.03,-0.03,0.441,0.043,-0.042,0,140.16303,13.66669,-13.34886
WASP-52,b,WASP-52 b,Transit,0.0272,0.0003,-0.0003,0,0,,,0,0.87,0.03,-0.03,0.46,0.02,-0.02,0,146.2,6.36,-6.36
CoRoT-5,b,CoRoT-5 b,Transit,0.04947,0.00026,-0.00029,0,0.09,0.09,-0.04,0,1,0.02,-0.02,0.467,0.047,-0.024,0,148.42,14.937,-7.628
OGLE-2012-BLG-0724L,b,OGLE-2012-BLG-0724L b,Microlensing,1.6,0.4,-0.3,0,,,,,0.29,0.33,-0.16,0.47,0.54,-0.26,0,149.3801,171.6282,-82.6358
WASP-172,b,WASP-172 b,Transit,0.0694,0.0011,-0.0011,0,0,,,0,1.49,0.07,-0.07,0.47,0.1,-0.1,0,149.3801,31.783,-31.783
WASP-113,b,WASP-113 b,Transit,0.05885,0.0001,-0.0001,0,0,,,0,1.32,0.07,-0.07,0.475,0.054,-0.052,0,150.96925,17.16282,-16.52716
WASP-31,b,WASP-31 b,Transit,0.04659,0.00035,-0.00035,0,0,,,0,1.16,0.03,0,0.478,0.029,-0.029,0,151.916,9.217,-9.217
WASP-96,b,WASP-96 b,Transit,0.0453,0.0013,-0.0013,0,0,,,0,1.06,0.09,-0.09,0.48,0.03,-0.03,0,152.55,9.53,-9.53
CoRoT-28,b,CoRoT-28 b,Transit,0.0603,0.005,-0.005,0,0.047,0.055,-0.038,0,1.01,0.14,-0.14,0.484,0.087,-0.087,0,153.82972,27.65121,-27.65121
HAT-P-46,b,HAT-P-46 b,Transit,0.0577,0.0014,-0.0009,0,0.123,0.12,-0.12,0,1.28,0.1,-0.06,0.493,0.082,-0.052,0,156.684,26.061,-16.526
Kepler-32,c,Kepler-32 c,Transit,0.09,0,0,0,,,,,0.58,0.05,-0.05,0.5,0,0,1,158.9,0,0
K2-137,b,K2-137 b,Transit,0.0058,0.0006,-0.0006,0,0,,,0,0.46,0.05,-0.05,0.5,0,0,1,158.915,0,0
Kepler-1654,b,Kepler-1654 b,Transit,2.026,0.037,-0.035,0,0.26,0.21,-0.11,0,1.01,0.06,-0.05,0.5,0,0,1,158.915,0,0
WASP-183,b,WASP-183 b,Transit,0.04632,0.00075,-0.00075,0,,,,0,0.78,0.04,-0.04,0.502,0.047,-0.047,0,159.55066,14.93801,-14.93801
Kepler-45,b,Kepler-45 b,Transit,0.03,0,0,0,0.11,0.1,-0.09,0,0.59,0.06,-0.06,0.505,0.09,-0.09,0,160.497,28.604,-28.604
WASP-177,b,WASP-177 b,Transit,0.03957,0.00058,-0.00058,0,,,,0,0.88,0.04,-0.04,0.508,0.038,-0.038,0,161.45764,12.07754,-12.07754
OGLE-2014-BLG-0124L,b,OGLE-2014-BLG-0124L b,Microlensing,3.11,0.49,-0.49,0,,,,,0.71,0.22,-0.22,0.51,0.16,-0.16,0,162.09,50.85,-50.85
WASP-118,b,WASP-118 b,Transit,0.05453,0.00048,-0.00048,0,0,,,0,1.32,0.04,-0.04,0.514,0.02,-0.02,0,163.36462,6.3566,-6.3566
CoRoT-26,b,CoRoT-26 b,Transit,0.0526,0.001,-0.001,0,0,,,0,1.09,0.06,-0.06,0.52,0.05,-0.05,0,165.26,15.89,-15.89
HAT-P-1,b,HAT-P-1 b,Transit,0.05561,0.00082,-0.00083,0,,,,,1.15,0.05,-0.05,0.525,0.019,-0.019,0,166.86075,6.03877,-6.03877
HATS-10,b,HATS-10 b,Transit,0.04491,0.00074,-0.00074,0,0.501,,,1,1.1,0.05,-0.05,0.526,0.081,-0.081,0,167.17858,25.74423,-25.74423
HAT-P-65,b,HAT-P-65 b,Transit,0.03951,0.00054,-0.00054,0,0.304,,,1,1.21,0.05,-0.05,0.527,0.083,-0.083,0,167.49641,26.37989,-26.37989
WASP-42,b,WASP-42 b,Transit,0.0561,0.0012,-0.0012,0,,,,,0.95,0.06,-0.06,0.527,0.028,-0.028,0,167.49641,8.89924,-8.89924
OGLE-2011-BLG-0251L,b,OGLE-2011-BLG-0251L b,Microlensing,2.72,0.75,-0.75,0,,,,,0.26,0.11,-0.11,0.53,0.21,-0.21,0,168.44,66.74,-66.74
HATS-27,b,HATS-27 b,Transit,0.0611,0.00068,-0.00068,0,0.581,,,1,1.42,0.05,-0.05,0.53,0.13,-0.13,0,168.4499,41.3179,-41.3179
PH1,b,PH1 b,Transit,0.652,0.012,-0.012,0,0.0702,0.0029,-0.0039,0,1.53,0.09,-0.09,0.531,0,0,1,169,0,0
CoRoT-16,b,CoRoT-16 b,Transit,0.0618,0.0015,-0.0015,0,0.33,0.09,-0.1,0,1.1,0.08,-0.08,0.535,0.085,-0.083,0,170.032,27.014,-26.379
WASP-80,b,WASP-80 b,Transit,0.0344,0.001,-0.0011,0,0.002,0.01,-0.002,0,0.58,0.05,-0.05,0.538,0.035,-0.036,0,170.99254,11.12405,-11.44188
MOA-2010-BLG-117L,b,MOA-2010-BLG-117L b,Microlensing,2.9,1.6,-0.6,0,,,,0,0.58,0.11,-0.11,0.54,0.1,-0.1,0,171.6282,31.783,-31.783
HATS-13,b,HATS-13 b,Transit,0.04057,0.00041,-0.00041,0,0.181,,,1,0.96,0.03,-0.03,0.543,0.072,-0.072,0,172.58169,22.88376,-22.88376
WASP-159,b,WASP-159 b,Transit,0.0538,0.0015,-0.0015,0,0,,,0,1.41,0.12,-0.12,0.55,0.08,-0.08,0,174.8065,25.4264,-25.4264
Kepler-41,b,Kepler-41 b,Transit,0.03101,0.0004,-0.0004,0,0,,,0,1.15,0.04,-0.04,0.56,0.08,-0.08,0,177.98,25.43,-25.43
HATS-44,b,HATS-44 b,Transit,0.03649,0.0003,-0.0003,0,0.279,,,1,0.86,0.02,-0.02,0.56,0.11,-0.11,0,177.9848,34.9613,-34.9613
OGLE-2014-BLG-1760L,b,OGLE-2014-BLG-1760L b,Microlensing,1.75,0.34,-0.33,0,,,,,0.51,0.44,-0.28,0.56,0.34,-0.26,0,177.9848,108.0622,-82.6358
WASP-169,b,WASP-169 b,Transit,0.0681,0.0014,-0.0014,0,0,,,0,1.34,0.08,-0.08,0.561,0.061,-0.061,0,178.30263,19.38763,-19.38763
XO-2 N,b,XO-2 N b,Transit,0.0368,0,0,0,,,,0,0.97,0,0,0.566,0.025,-0.025,0,179.89178,7.94575,-7.94575
HAT-P-25,b,HAT-P-25 b,Transit,0.0466,0.00081,-0.0008,0,0.023,0.022,-0.014,0,1.01,0.05,-0.05,0.569,0.023,-0.022,0,180.84527,7.31009,-6.99226
Kepler-56,c,Kepler-56 c,Transit,0.1652,0.0059,-0.0059,0,,,,,1.32,0.13,-0.13,0.57,0.066,-0.06,0,181,21,-19
WASP-184,b,WASP-184 b,Transit,0.0627,0.0012,-0.0012,0,0,,,0,1.23,0.07,-0.07,0.57,0.1,-0.1,0,181.1631,31.783,-31.783
HATS-69,b,HATS-69 b,Transit,0.03211,0.00014,-0.00019,0,0.519,,,0,0.89,0.01,-0.02,0.577,0,0,0,183.38791,0,0
K2-30,b,K2-30 b,Transit,0.04839,0.00076,-0.00076,0,0,,,0,0.9,0.04,-0.04,0.579,0.028,-0.027,0,184.02357,8.89924,-8.58141
HAT-P-55,b,HAT-P-55 b,Transit,0.04604,0.00056,-0.00056,0,0.139,,,1,1.01,0.04,-0.04,0.582,0.056,-0.056,0,184.97706,17.79848,-17.79848
WASP-70 A,b,WASP-70 A b,Transit,0.04853,0.00062,-0.00062,0,0,,,0,1.11,0.04,-0.04,0.59,0.022,-0.022,0,187.512,6.992,-6.992
Kepler-8,b,Kepler-8 b,Transit,0.0474,0.0018,-0.0021,0,,,,,1.21,0.07,-0.06,0.59,0.13,-0.12,0,187.5197,41.3179,-38.1396
Kepler-423,b,Kepler-423 b,Transit,0.03585,0.00052,-0.00114,0,0.019,0.028,-0.014,0,0.85,0.04,-0.04,0.595,0.081,-0.081,0,189.101,25.743,-25.743
HATS-53,b,HATS-53 b,Transit,0.04753,0.00066,-0.00066,0,0.33,,,1,0.96,0.04,-0.04,0.595,0.089,-0.089,0,189.10885,28.28687,-28.28687
HAT-P-39,b,HAT-P-39 b,Transit,0.0509,0.0006,-0.0006,0,0,,,0,1.4,0.05,0,0.599,0.099,-0.099,0,190.372,31.464,-31.464
MOA-bin-29,b,MOA-bin-29 b,Microlensing,0.48,0.12,-0.1,0,,,,0,0.03,0.07,-0.02,0.6,1.2,-0.38,0,190.698,381.396,-120.7754
WASP-124,b,WASP-124 b,Transit,0.0449,0.0007,-0.0007,0,0.017,,,1,1.07,0.05,-0.05,0.6,0.07,-0.07,0,190.698,22.2481,-22.2481
HATS-56,b,HATS-56 b,Transit,0.06043,0.00022,-0.00022,0,0.019,,,1,1.57,0.02,-0.02,0.602,0.035,-0.035,0,191.33366,11.12405,-11.12405
HATS-25,b,HATS-25 b,Transit,0.05163,0.0006,-0.0006,0,0.176,,,1,0.99,0.04,-0.04,0.613,0.042,-0.042,0,194.82979,13.34886,-13.34886
OGLE-TR-10,b,OGLE-TR-10 b,Transit,0.0434,0.0013,-0.0015,0,,,,,1.14,0.12,0,0.62,0.14,-0.14,0,197.046,44.494,-44.494
HAT-P-27,b,HAT-P-27 b,Transit,0.04,0.0008,-0.0008,0,0,,,0,0.94,0.04,-0.04,0.62,0.03,-0.03,0,197.05,9.53,-9.53
MOA-2016-BLG-319L,b,MOA-2016-BLG-319L b,Microlensing,0.95,0.17,-0.2,0,,,,0,0.15,0.28,-0.08,0.62,1.16,-0.33,0,197.0546,368.6828,-104.8839
KOI-142,c,KOI-142 c,Transit Timing Variations,0.15525,0,0,0,0.05628,0.0014,-0.0028,0,0.96,0.04,-0.05,0.626,0.029,-0.033,0,198.8,9.2,-10.6
HAT-P-28,b,HAT-P-28 b,Transit,0.0434,0.0007,-0.0007,0,0.051,0.033,-0.033,0,1.02,0.05,-0.05,0.626,0.037,-0.037,0,198.953,11.759,-11.759
TOI 216,c,TOI 216.01,Transit,0.2069,0.0107,-0.0082,0,0.029,0.037,-0.02,0,0.87,0.04,-0.03,0.62927,0.53488,-0.31463,0,200,170,-100
Kepler-74,b,Kepler-74 b,Transit,0.0781,0.0007,-0.0007,0,0,,,0,1.18,0.04,-0.04,0.63,0.12,-0.12,0,200.22,38.14,-38.14
HATS-39,b,HATS-39 b,Transit,0.06007,0.00058,-0.00058,0,0.275,,,1,1.38,0.04,-0.04,0.63,0.13,-0.13,0,200.2329,41.3179,-41.3179
WASP-90,b,WASP-90 b,Transit,0.0562,0.0012,-0.0012,0,0,,,0,1.55,0.1,-0.1,0.63,0.07,-0.07,0,200.2329,22.2481,-22.2481
OGLE-2013-BLG-1721L,b,OGLE-2013-BLG-1721L b,Microlensing,2.6,0.5,-0.7,0,,,,0,0.46,0.26,-0.23,0.64,0.35,-0.31,0,203.4112,111.2405,-98.5273
WASP-57,b,WASP-57 b,Transit,0.03769,0.00097,-0.00097,0,,,,,0.89,0.07,-0.07,0.644,0.062,-0.062,0,204.68252,19.70546,-19.70546
HATS-26,b,HATS-26 b,Transit,0.04735,0.00133,-0.00068,0,0.245,,,1,1.3,0.11,-0.06,0.65,0.076,-0.076,0,206.5895,24.15508,-24.15508
HATS-29,b,HATS-29 b,Transit,0.05475,0.00088,-0.00088,0,0.158,,,1,1.03,0.05,-0.05,0.653,0.063,-0.063,0,207.54299,20.02329,-20.02329
WASP-165,b,WASP-165 b,Transit,0.04823,0.00091,-0.00092,0,0,,,0,1.25,0.07,-0.07,0.658,0.097,-0.092,0,209.13214,30.82951,-29.24036
Kepler-15,b,Kepler-15 b,Transit,0.05714,0.00086,-0.00093,0,0.06,,,0,1.02,0.04,-0.05,0.66,0.08,-0.09,0,209.76,25.43,-28.6
HAT-P-43,b,HAT-P-43 b,Transit,0.0443,0.0004,-0.0006,0,0,,,0,1.05,0.03,-0.04,0.662,0.06,-0.06,0,210.395,19.069,-19.069
HATS-60,b,HATS-60 b,Transit,0.04708,0.00015,-0.00023,0,0.191,,,0,1.1,0.01,-0.02,0.662,0.055,-0.055,0,210.40346,17.48065,-17.48065
Kepler-6,b,Kepler-6 b,Transit,0.04852,0.00074,-0.00133,0,,,,,1.21,0.04,-0.04,0.668,0.038,-0.035,0,212.31044,12.07754,-11.12405
Qatar-6,b,Qatar-6 b,Transit,0.0423,0.0004,-0.0004,0,0,,,0,0.82,0.02,-0.02,0.668,0.066,-0.066,0,212.31044,20.97678,-20.97678
HATS-28,b,HATS-28 b,Transit,0.04131,0.00053,-0.00053,0,0.202,,,1,0.93,0.04,-0.04,0.672,0.087,-0.087,0,213.58176,27.65121,-27.65121
KELT-10,b,KELT-10 b,Transit,0.0525,0.00086,-0.00097,0,,,,,1.11,0.06,-0.06,0.679,0.039,-0.038,0,215.80657,12.39537,-12.07754
HAT-P-32,b,HAT-P-32 b,Transit,0.03397,0.00051,-0.0005,0,0.159,0.051,-0.028,0,1.13,0.05,-0.05,0.68,0.11,-0.1,0,216.1244,34.9613,-31.783
WASP-84,b,WASP-84 b,Transit,0.0771,0.0012,-0.0012,0,0,,,0,0.84,0.04,-0.04,0.694,0.028,-0.028,0,220.565,8.899,-8.899
HATS-45,b,HATS-45 b,Transit,0.05511,0.00069,-0.00069,0,0.24,,,1,1.27,0.05,-0.05,0.7,0.15,-0.15,0,222.481,47.6745,-47.6745
V830 Tau,b,V830 Tau b,Radial Velocity,0.057,0.001,-0.001,0,,,,,1,0.05,-0.05,0.7,0.12,-0.12,0,222.481,38.1396,-38.1396
HATS-30,b,HATS-30 b,Transit,0.04354,0.00042,-0.00042,0,0.096,,,1,1.09,0.03,-0.03,0.706,0.039,-0.039,0,224.38798,12.39537,-12.39537
KMT-2017-BLG-1146L,b,KMT-2017-BLG-1146L b,Microlensing,1.6,0.6,-0.6,0,,,,0,0.33,0.36,-0.2,0.71,0.8,-0.42,0,225.6593,254.264,-133.4886
GJ 876,c,GJ 876 c,Radial Velocity,0.12959,0.000024,-0.000024,0,0.25591,0.00093,-0.00093,0,0.32,0.03,-0.03,0.7142,0.0039,-0.0039,0,226.9846,1.2395,-1.2395
CoRoT-4,b,CoRoT-4 b,Transit,0.09,0.001,-0.001,0,0,0.1,-0.1,0,1.16,0.03,-0.02,0.72,0.08,-0.08,0,228.83,25.43,-25.43
OGLE-2015-BLG-0051L,b,OGLE-2015-BLG-0051L b,Microlensing,0.73,0.08,-0.08,0,,,,,0.1,0.09,-0.01,0.72,0.65,-0.07,0,228.8376,206.5895,-22.2481
OGLE-2006-BLG-109L,b,OGLE-2006-BLG-109L b,Microlensing,2.3,0.5,-0.5,0,,,,,0.51,0.05,-0.04,0.73,0.06,-0.06,0,231,19,-19
WASP-81,b,WASP-81 b,Transit,0.03908,0.0007,-0.00072,0,0.066,,,1,1.08,0.06,-0.06,0.729,0.036,-0.035,0,231.69807,11.44188,-11.12405
K2-29,b,K2-29 b,Transit,0.04217,0.00024,-0.00024,0,0.066,0.022,-0.022,0,0.94,0.02,-0.02,0.73,0.04,-0.04,0,232.0159,12.7132,-12.7132
Qatar-10,b,Qatar-10 b,Transit,0.0286,0.0006,-0.0006,0,0,,,0,1.16,0.07,-0.07,0.736,0.09,-0.09,0,233.92288,28.6047,-28.6047
NGTS-2,b,NGTS-2 b,Transit,0.063,0.0024,-0.003,0,0,,,0,1.64,0.19,-0.22,0.74,0.13,-0.12,0,235.1942,41.3179,-38.1396
HAT-P-9,b,HAT-P-9 b,Transit,0.05287,0.00078,-0.00078,0,0.084,0.052,-0.047,0,1.28,0.06,-0.06,0.749,0.064,-0.063,0,238.05467,20.34112,-20.02329
OGLE-2017-BLG-1522L,b,OGLE-2017-BLG-1522L b,Microlensing,0.59,0.12,-0.11,0,,,,0,0.04,0.08,-0.02,0.75,1.26,-0.4,0,238.3725,400.4658,-127.132
HAT-P-54,b,HAT-P-54 b,Transit,0.04117,0.00043,-0.00043,0,0.074,,,1,0.65,0.02,-0.02,0.76,0.032,-0.032,0,241.5508,10.17056,-10.17056
HATS-54,b,HATS-54 b,Transit,0.03763,0.00024,-0.00024,0,0.126,,,1,1.1,0.02,-0.02,0.76,0.1,-0.1,0,241.5508,31.783,-31.783
HATS-51,b,HATS-51 b,Transit,0.04639,0.00077,-0.00077,0,0.33,,,1,1.19,0.06,-0.06,0.768,0.045,-0.045,0,244.09344,14.30235,-14.30235
K2-290,c,K2-290 c,Transit,0.305,0.017,-0.017,0,0,,,0,1.19,0.07,-0.08,0.774,0.047,-0.047,0,246.00042,14.93801,-14.93801
HAT-P-66,b,HAT-P-66 b,Transit,0.04363,0.00121,-0.00064,0,0.09,,,1,1.25,0.11,-0.05,0.783,0.057,-0.057,0,248.86089,18.11631,-18.11631
WASP-92,b,WASP-92 b,Transit,0.0348,0.00036,-0.00036,0,0,,,0,1.19,0.04,-0.04,0.805,0.068,-0.068,0,255.85315,21.61244,-21.61244
HATS-59,b,HATS-59 b,Transit,0.06112,0.00076,-0.00076,0,0.129,0.049,-0.049,0,1.04,0.04,-0.04,0.806,0.069,-0.069,0,256.17098,21.93027,-21.93027
Lupus-TR-3,b,Lupus-TR-3 b,Transit,0.0464,0.0007,-0.0007,0,0,,,0,0.87,0.04,0,0.81,0.18,-0.18,0,257.431,57.207,-57.207
Kepler-91,b,Kepler-91 b,Transit,0.0731,0.0034,-0.0031,0,,,,,1.31,0.1,-0.1,0.81,0.18,-0.17,0,257.4423,57.2094,-54.0311
NGTS-1,b,NGTS-1 b,Transit,0.0326,0.0047,-0.0045,0,0.016,0.023,-0.012,0,0.62,0.02,-0.06,0.812,0.066,-0.075,0,258.07796,20.97678,-23.83725
HAT-P-52,b,HAT-P-52 b,Transit,0.03694,0.00038,-0.00038,0,0.047,,,1,0.89,0.03,-0.03,0.818,0.029,-0.029,0,259.98494,9.21707,-9.21707
HATS-65,b,HATS-65 b,Transit,0.04497,0.00033,-0.00033,0,0.062,,,0,1.26,0.03,-0.03,0.821,0.083,-0.083,0,260.93843,26.37989,-26.37989
MOA-2007-BLG-400L,b,MOA-2007-BLG-400L b,Microlensing,0.72,0.38,-0.16,0,,,,,0.3,0.19,-0.12,0.83,0.49,-0.31,0,263.79,155.73,-98.52
55 Cnc,b,55 Cnc b,Radial Velocity,0.115227,0.000001,-0.000001,0,0.0034,0.0032,-0.0032,0,0.91,0.01,-0.01,0.8306,0.0033,-0.0033,0,263.9785,1.0488,-1.0488
Kepler-435,b,Kepler-435 b,Transit,0.0948,0.0018,-0.0018,0,0.114,0.077,-0.077,0,1.54,0.09,-0.09,0.84,0.15,-0.15,0,266.97,47.67,-47.67
CoRoT-9,b,CoRoT-9 b,Transit,0.4021,0.0054,-0.0054,0,0.133,0.042,-0.037,0,0.96,0.04,-0.04,0.84,0.05,-0.05,0,266.9772,15.8915,-15.8915
WASP-142,b,WASP-142 b,Transit,0.0347,0.0007,-0.0007,0,0,,,0,1.33,0.08,-0.08,0.84,0.09,-0.09,0,266.9772,28.6047,-28.6047
CoRoT-29,b,CoRoT-29 b,Transit,0.0386,0.0059,-0.0059,0,0.082,0.081,-0.081,0,0.97,0.14,-0.14,0.85,0.2,-0.2,0,270.1555,63.566,-63.566
WASP-1,b,WASP-1 b,Transit,0.03889,0.00053,-0.00073,0,0,,,0,1.24,0.05,-0.07,0.854,0.057,-0.052,0,271.415,18.116,-16.526
K2-238,b,K2-238 b,Transit,0.046,0.007,-0.006,0,0,,,0,1.19,0.08,-0.08,0.86,0.13,-0.12,0,273.3338,41.3179,-38.1396
OGLE-2012-BLG-0026L,c,OGLE-2012-BLG-0026L c,Microlensing,4.8,0.7,-0.7,0,,,,,1.06,0.05,-0.05,0.86,0.06,-0.06,0,273.3338,19.0698,-19.0698
WASP-59,b,WASP-59 b,Transit,0.0697,0.0011,-0.0011,0,0.1,0.042,-0.042,0,0.72,0.04,-0.04,0.863,0.045,-0.045,0,274.276,14.302,-14.302
WASP-44,b,WASP-44 b,Transit,0.03453,0.00065,-0.00065,0,,,,0,0.94,0.05,-0.05,0.87,0.063,-0.062,0,276.5121,20.02329,-19.70546
OGLE-2011-BLG-0265L,b,OGLE-2011-BLG-0265L b,Microlensing,1.89,0.25,-0.2,0,,,,,0.21,0.07,-0.04,0.88,0.27,-0.18,0,279.68,85.81,-57.21
HATS-31,b,HATS-31 b,Transit,0.0478,0.0012,-0.0012,0,0.233,,,1,1.27,0.1,-0.1,0.88,0.12,-0.12,0,279.6904,38.1396,-38.1396
WASP-23,b,WASP-23 b,Transit,0.0376,0.0016,-0.0024,0,0.062,,,1,0.78,0.13,0,0.884,0.088,-0.099,0,280.95,27.968,-31.464
WASP-145 A,b,WASP-145 A b,Transit,0.0261,0.0005,-0.0005,0,0,,,0,0.76,0.04,-0.04,0.89,0.04,-0.04,0,282.8687,12.7132,-12.7132
HAT-P-45,b,HAT-P-45 b,Transit,0.0452,0.0007,-0.0007,0,0.049,0.063,-0.063,0,1.26,0.06,-0.06,0.892,0.137,-0.099,0,283.492,43.541,-31.464
WASP-123,b,WASP-123 b,Transit,0.04263,0.00074,-0.00074,0,0,,,0,1.17,0.06,-0.06,0.899,0.036,-0.036,0,285.72917,11.44188,-11.44188
WASP-180 A,b,WASP-180 A b,Transit,0.048,0.001,-0.001,0,0,,,0,1.3,0.1,-0.1,0.9,0.1,-0.1,0,286.047,31.783,-31.783
KELT-4 A,b,KELT-4 A b,Transit,0.04317,0.00079,-0.00074,0,0,,,0,1.2,0.07,-0.06,0.902,0.06,-0.059,0,286.68266,19.0698,-18.75197
WASP-28,b,WASP-28 b,Transit,0.04469,0.00076,-0.00076,0,0,,,0,1.02,0.05,-0.05,0.907,0.043,-0.043,0,288.26,13.666,-13.666
CoRoT-12,b,CoRoT-12 b,Transit,0.04016,0.00093,-0.00092,0,0.07,0.063,-0.042,0,1.08,0.08,-0.07,0.917,0.07,-0.065,0,291.438,22.247,-20.658
HATS-32,b,HATS-32 b,Transit,0.04024,0.00053,-0.00053,0,0.471,,,1,1.1,0.04,-0.04,0.92,0.1,-0.1,0,292.4036,31.783,-31.783
WASP-76,b,WASP-76 b,Transit,0.033,0.0005,-0.0005,0,0,,,0,1.46,0.07,-0.07,0.92,0.03,-0.03,0,292.4036,9.5349,-9.5349
HATS-55,b,HATS-55 b,Transit,0.05412,0.00014,-0.00018,0,0.092,,,1,1.2,0.01,-0.01,0.921,0.076,-0.076,0,292.72143,24.15508,-24.15508
WASP-98,b,WASP-98 b,Transit,0.03762,0.001,-0.001,0,,,,,0.81,0.06,-0.06,0.922,0.08,-0.08,0,293.03926,25.4264,-25.4264
NGTS-8,b,NGTS-8 b,Transit,0.035,0.001,-0.001,0,0.01,0.014,-0.01,0,0.89,0.05,-0.04,0.93,0.04,-0.03,0,295.5819,12.7132,-9.5349
WASP-2,b,WASP-2 b,Transit,0.03144,0.00088,-0.00087,0,,,,0,0.9,0.08,-0.07,0.931,0.06,-0.058,0,295.89973,19.0698,-18.43414
KELT-23 A,b,KELT-23 A b,Transit,0.03302,0.00068,-0.00064,0,0,,,0,0.94,0.06,-0.05,0.938,0.048,-0.044,0,298.12454,15.25584,-13.98452
HATS-34,b,HATS-34 b,Transit,0.03166,0.00034,-0.00034,0,0.108,,,1,0.95,0.03,-0.03,0.941,0.072,-0.072,0,299.07803,22.88376,-22.88376
Kepler-412,b,Kepler-412 b,Transit,0.02897,0.00093,-0.00092,0,,,,,1.17,0.09,-0.09,0.941,0.125,-0.019,0,299.07803,39.72875,-6.03877
KELT-12,b,KELT-12 b,Transit,0.06708,0.00097,-0.0013,0,0,,,0,1.59,0.07,-0.09,0.95,0.14,-0.14,0,301.9385,44.4962,-44.4962
HATS-63,b,HATS-63 b,Transit,0.04026,0.00028,-0.00028,0,0.136,,,0,0.93,0.02,-0.02,0.96,0.12,-0.12,0,305.1168,38.1396,-38.1396
HATS-64,b,HATS-64 b,Transit,0.06562,0.00039,-0.00039,0,0.151,,,0,1.56,0.03,-0.03,0.96,0.2,-0.2,0,305.1168,63.566,-63.566
WASP-7,b,WASP-7 b,Transit,0.0617,0.0011,-0.0011,0,,,,,1.28,0.07,-0.07,0.96,0.13,-0.13,0,305.1168,41.3179,-41.3179
WASP-45,b,WASP-45 b,Transit,0.03963,0.00114,-0.00112,0,,,,0,0.85,0.08,-0.07,0.964,0.058,-0.056,0,306.38812,18.43414,-17.79848
Kepler-539,b,Kepler-539 b,Transit,0.4988,0.0067,-0.0067,0,0.39,,,1,1.05,0.04,-0.04,0.97,0.29,-0.29,0,308.2951,92.1707,-92.1707
WASP-185,b,WASP-185 b,Transit,0.0904,0.0017,-0.0017,0,0.24,0.04,-0.04,0,1.12,0.06,-0.06,0.98,0.06,-0.06,0,311.4734,19.0698,-19.0698
WASP-175,b,WASP-175 b,Transit,0.04403,0.00055,-0.00055,0,0,,,0,1.21,0.04,-0.04,0.99,0.13,-0.13,0,314.6517,41.3179,-41.3179
Kepler-44,b,Kepler-44 b,Transit,0.0446,0.0011,-0.0011,0,0.066,,,1,1.12,0.08,-0.08,1,0.1,-0.1,0,317.82,31.78,-31.78
WASP-129,b,WASP-129 b,Transit,0.0628,0.0007,-0.0007,0,0.096,,,1,1,0.03,-0.03,1,0.1,-0.1,0,317.83,31.783,-31.783
WASP-190,b,WASP-190 b,Transit,0.0663,0.0008,-0.0008,0,0,,,0,1.35,0.05,-0.05,1,0.1,-0.1,0,317.83,31.783,-31.783
OGLE-TR-182,b,OGLE-TR-182 b,Transit,0.051,0.001,-0.001,0,0,,,0,1.14,0.05,0,1.01,0.15,-0.15,0,320.995,47.672,-47.672
HD 202772 A,b,HD 202772 A b,Transit,0.05208,0.00064,-0.00068,0,0.038,0.042,-0.027,0,1.72,0.06,-0.07,1.017,0.07,-0.068,0,323.23311,22.2481,-21.61244
Kepler-87,b,Kepler-87 b,Transit,0.481,0.026,-0.028,0,0.036,0.009,-0.009,0,1.1,0.05,-0.05,1.02,0.028,-0.028,0,324.2,8.8,-8.8
Kepler-424,b,Kepler-424 b,Transit,0.044,0.005,-0.004,0,,,,,1.01,0.05,-0.05,1.03,0.13,-0.13,0,327.35,41.32,-41.32
OGLE-TR-211,b,OGLE-TR-211 b,Transit,0.051,0.001,-0.001,0,0,,,0,1.33,0.05,0,1.03,0.2,-0.2,0,327.351,63.563,-63.563
HATS-58 A,b,HATS-58 A b,Transit,0.05798,0.00057,-0.00057,0,0.168,,,1,1.46,0.04,-0.04,1.03,0.23,-0.23,0,327.3649,73.1009,-73.1009
HAT-P-42,b,HAT-P-42 b,Transit,0.0575,0.0011,-0.0011,0,0,,,0,1.18,0.07,-0.07,1.044,0.083,-0.083,0,331.801,26.379,-26.379
WASP-19,b,WASP-19 b,Transit,0.01634,0.00024,-0.00024,0,0.002,0.014,-0.002,0,0.9,0.04,-0.04,1.069,0.038,-0.037,0,339.76027,12.07754,-11.75971
WASP-75,b,WASP-75 b,Transit,0.0375,0.0007,-0.0008,0,0,,,0,1.14,0.07,-0.07,1.07,0.05,-0.05,0,340.06,15.89,-15.89
HATS-3,b,HATS-3 b,Transit,0.0485,0.0004,-0.0006,0,0,,,0,1.21,0.04,-0.04,1.071,0.136,-0.136,0,340.382,43.223,-43.223
HATS-14,b,HATS-14 b,Transit,0.03815,0.00032,-0.00032,0,0.142,,,1,0.97,0.02,-0.02,1.071,0.07,-0.07,0,340.39593,22.2481,-22.2481
WASP-171,b,WASP-171 b,Transit,0.0504,0.00083,-0.00083,0,0,,,0,1.17,0.06,-0.06,1.084,0.094,-0.094,0,344.52772,29.87602,-29.87602
KPS-1,b,KPS-1 b,Transit,0.0269,0.001,-0.001,0,0,,,0,0.89,0.09,-0.1,1.09,0.086,-0.087,0,346.4347,27.33338,-27.65121
KOI-12,b,KOI-12 b,Transit,0.154,0.004,-0.003,0,0.34,0.08,-0.07,0,1.5,0.1,-0.1,1.1,3.5,-0.8,0,349.613,1112.405,-254.264
CoRoT-19,b,CoRoT-19 b,Transit,0.0518,0.0008,-0.0008,0,0.047,0.045,-0.045,0,1.21,0.05,-0.05,1.11,0.06,-0.06,0,352.78,19.07,-19.07
WTS-2,b,WTS-2 b,Transit,0.01855,0.00062,-0.00062,0,0,,,0,0.82,0.08,-0.08,1.12,0.16,-0.16,0,355.9696,50.8528,-50.8528
WASP-133,b,WASP-133 b,Transit,0.0345,0.0007,-0.0007,0,0.17,,,1,1.16,0.08,-0.08,1.16,0.09,-0.09,0,368.6828,28.6047,-28.6047
HAT-P-37,b,HAT-P-37 b,Transit,0.0379,0.0006,-0.0006,0,0.058,0.038,-0.038,0,0.93,0.04,0,1.169,0.103,-0.103,0,371.528,32.735,-32.735
HD 2685,b,HD 2685 b,Transit,0.0568,0.0006,-0.0006,0,0.091,0.039,-0.047,0,1.43,0.05,-0.04,1.17,0.12,-0.12,0,371.8611,38.1396,-38.1396
OGLE-TR-132,b,OGLE-TR-132 b,Transit,0.03035,0.00057,-0.00053,0,,,,,1.3,0.07,-0.07,1.18,0.14,-0.13,0,375.02,44.49,-41.32
KELT-18,b,KELT-18 b,Transit,0.0455,0.00067,-0.00069,0,0,,,0,1.52,0.07,-0.07,1.18,0.11,-0.11,0,375.0394,34.9613,-34.9613
WASP-121,b,WASP-121 b,Transit,0.02544,0.00049,-0.0005,0,0,,,0,1.35,0.08,-0.08,1.183,0.064,-0.062,0,375.99289,20.34112,-19.70546
WASP-4,b,WASP-4 b,Transit,0.0226,0.0007,-0.0008,0,0,,,0,0.86,0.08,-0.09,1.186,0.09,-0.098,0,376.94638,28.6047,-31.14734
XO-5,b,XO-5 b,Transit,0.0515,0.0005,-0.0005,0,0,,,0,1.04,0.03,-0.03,1.19,0.03,-0.03,0,378.2,9.53,-9.53
Qatar-9,b,Qatar-9 b,Transit,0.0234,0.0003,-0.0003,0,0,,,0,0.72,0.02,-0.02,1.19,0.16,-0.16,0,378.2177,50.8528,-50.8528
HATS-33,b,HATS-33 b,Transit,0.03727,0.00037,-0.00037,0,0.08,,,1,1.06,0.03,-0.03,1.192,0.053,-0.053,0,378.85336,16.84499,-16.84499
PSR J1719-1438,b,PSR J1719-1438 b,Pulsar Timing,0.0044,0,0,0,0.06,,,1,1.4,0,0,1.2,0,0,-1,382.8,0,0
TOI 163,b,TOI 163 b,Transit,0.058,0.0014,-0.0014,0,0,,,0,1.44,0.03,-0.03,1.22,0.12,-0.12,0,387.7526,38.1396,-38.1396
WASP-138,b,WASP-138 b,Transit,0.0494,0.0007,-0.0007,0,,,,,1.22,0.05,-0.05,1.22,0.08,-0.08,0,387.7526,25.4264,-25.4264
HATS-35,b,HATS-35 b,Transit,0.03199,0.00033,-0.00033,0,0.306,,,1,1.32,0.04,-0.04,1.222,0.078,-0.078,0,388.38826,24.79074,-24.79074
WASP-119,b,WASP-119 b,Transit,0.0363,0.0007,-0.0007,0,0.058,,,1,1.02,0.06,-0.06,1.23,0.08,-0.08,0,390.9309,25.4264,-25.4264
WASP-130,b,WASP-130 b,Transit,0.1012,0.0014,-0.0014,0,0,,,0,1.04,0.04,-0.04,1.23,0.04,-0.04,0,390.9309,12.7132,-12.7132
K2-237,b,K2-237 b,Transit,0.0353,0.0012,-0.0012,0,0,,,0,1.23,0.05,-0.05,1.236,0.044,-0.044,0,392.83788,13.98452,-13.98452
OGLE-TR-113,b,OGLE-TR-113 b,Transit,0.02289,0.00016,-0.00015,0,,,,,0.78,0.02,0,1.26,0.16,-0.16,0,400.449,50.851,-50.851
WASP-85 A,b,WASP-85 A b,Transit,0.039,0.001,-0.001,0,0,,,0,1.09,0.08,-0.08,1.265,0.065,-0.065,0,402.05495,20.65895,-20.65895
Kepler-428,b,Kepler-428 b,Transit,0.0433,0.0009,-0.0009,0,0.22,,,1,0.87,0.05,-0.05,1.27,0.19,-0.19,0,403.63,60.39,-60.39
WASP-64,b,WASP-64 b,Transit,0.02648,0.00024,-0.00024,0,0,,,0,1,0.03,-0.03,1.271,0.068,-0.068,0,403.945,21.612,-21.612
WASP-104,b,WASP-104 b,Transit,0.02918,0.00045,-0.00045,0,0,,,0,1.08,0.05,-0.05,1.272,0.047,-0.047,0,404.263,14.937,-14.937
UKIRT-2017-BLG-001L,b,UKIRT-2017-BLG-001L b,Microlensing,4.18,0.96,-0.88,0,,,,0,0.81,0.21,-0.27,1.28,0.37,-0.44,0,406.8224,117.5971,-139.8452
KELT-14,b,KELT-14 b,Transit,0.03005,0.00031,-0.00031,0,0,,,0,1.24,0.04,-0.04,1.284,0.032,-0.032,0,408.09372,10.17056,-10.17056
HATS-68,b,HATS-68 b,Transit,0.05071,0.00018,-0.00018,0,0.036,,,0,1.35,0.01,-0.01,1.29,0.059,-0.059,0,410.0007,18.75197,-18.75197
Qatar-1,b,Qatar-1 b,Transit,0.02332,0.0004,-0.0004,0,0,,,0,0.84,0.04,-0.04,1.294,0.052,-0.049,0,411.27202,16.52716,-15.57367
WASP-174,b,WASP-174 b,Transit,0.0559,0.0009,-0.0009,0,,,,0,1.3,0.06,-0.06,1.3,0,0,1,413.179,0,0
CoRoT-13,b,CoRoT-13 b,Transit,0.051,0.0031,-0.0031,0,0,,,0,1.09,0.02,-0.02,1.308,0.066,-0.066,0,415.704,20.976,-20.976
KELT-17,b,KELT-17 b,Transit,0.04881,0.00065,-0.00061,0,,,,,1.64,0.07,-0.06,1.31,0.28,-0.29,0,416.3573,88.9924,-92.1707
HATS-4,b,HATS-4 b,Transit,0.0362,0.0002,-0.0002,0,0.013,0.016,-0.016,0,1,0.02,-0.02,1.323,0.028,-0.028,0,420.471,8.899,-8.899
HATS-17,b,HATS-17 b,Transit,0.1308,0.0012,-0.0012,0,0.029,0.022,-0.022,0,1.13,0.03,-0.03,1.338,0.065,-0.065,0,425.25654,20.65895,-20.65895
NGTS-6,b,NGTS-6 b,Transit,0.01677,0.00032,-0.00032,0,0,,,0,0.77,0.03,-0.03,1.339,0.028,-0.028,0,425.57437,8.89924,-8.89924
WASP-91,b,WASP-91 b,Transit,0.037,0.001,-0.001,0,0,,,0,0.84,0.07,-0.07,1.34,0.08,-0.08,0,425.8922,25.4264,-25.4264
HATS-2,b,HATS-2 b,Transit,0.023,0.0003,-0.0003,0,0,,,0,0.88,0.04,-0.04,1.345,0.15,-0.15,0,427.463,47.672,-47.672
HAT-P-50,b,HAT-P-50 b,Transit,0.0453,0.00058,-0.0014,0,0.115,,,1,1.27,0.05,-0.12,1.35,0.073,-0.073,0,429.0705,23.20159,-23.20159
Kepler-28,c,Kepler-28 c,Transit,0.081,0,0,0,,,,,0.75,0,0,1.36,0,0,1,432.23,0,0
Kepler-447,b,Kepler-447 b,Transit,0.0769,0.0062,-0.0079,0,0.123,0.037,-0.036,0,1,0.21,-0.21,1.37,0.48,-0.46,0,435.41,152.55,-146.2
K2-22,b,K2-22 b,Transit,0.0088,0.0008,-0.0008,0,,,,,0.6,0.07,-0.07,1.4,0,0,1,444.962,0,0
K2-260,b,K2-260 b,Transit,0.0404,0.0013,-0.0016,0,0,,,0,1.39,0.05,-0.06,1.42,0.31,-0.32,0,451.3186,98.5273,-101.7056
KOI-1257,b,KOI-1257 b,Transit,0.382,0.006,-0.006,0,0.772,0.045,-0.045,0,0.99,0.05,-0.05,1.45,0.35,-0.35,0,460.83,111.24,-111.24
HATS-67,b,HATS-67 b,Transit,0.03032,0.00015,-0.00015,0,0.057,,,0,1.44,0.02,-0.02,1.45,0.12,-0.12,0,460.8535,38.1396,-38.1396
WASP-12,b,WASP-12 b,Transit,0.0232,0.00064,-0.00064,0,,,,0,1.43,0.11,-0.11,1.465,0.079,-0.079,0,465.62095,25.10857,-25.10857
WASP-50,b,WASP-50 b,Transit,0.0293,0.0013,-0.0013,0,,,,0,0.89,0.08,-0.07,1.4688,0.092,-0.092,0,466.8287,29.24036,-29.24036
HATS-23,b,HATS-23 b,Transit,0.03397,0.00047,-0.00047,0,0.114,,,1,1.12,0.05,-0.05,1.47,0.072,-0.072,0,467.2101,22.88376,-22.88376
WASP-93,b,WASP-93 b,Transit,0.04211,0.00035,-0.00035,0,0,,,0,1.33,0.03,-0.03,1.47,0.29,-0.29,0,467.2101,92.1707,-92.1707
HAT-P-53,b,HAT-P-53 b,Transit,0.03159,0.00042,-0.00042,0,0.134,,,1,1.09,0.04,-0.04,1.484,0.056,-0.056,0,471.65972,17.79848,-17.79848
WASP-103,b,WASP-103 b,Transit,0.01985,0.00021,-0.00021,0,,,,,1.22,0.04,-0.04,1.49,0.088,-0.088,0,473.547,27.968,-27.968
MOA-2010-BLG-477L,b,MOA-2010-BLG-477L b,Microlensing,2,3,-1,0,,,,,0.67,0.33,0,1.5,0.8,-0.3,0,476.7,254.3,-95.3
Kepler-28,b,Kepler-28 b,Transit,0.062,0,0,0,,,,,0.75,0,0,1.51,0,0,1,479.9,0,0
WASP-136,b,WASP-136 b,Transit,0.0661,0.0012,-0.0012,0,,,,,1.41,0.07,-0.07,1.51,0.08,-0.08,0,479.9233,25.4264,-25.4264
Kepler-1647,b,Kepler-1647 b,Transit,2.7205,0.007,-0.007,0,0.0581,0.0689,-0.0689,0,1.22,0.01,-0.01,1.51968,0.64815,-0.64815,0,483,206,-206
WASP-65,b,WASP-65 b,Transit,0.0334,0.0016,-0.0017,0,0,,,0,0.93,0.14,-0.14,1.55,0.16,-0.16,0,492.62,50.85,-50.85
eps Eri,b,eps Eri b,Radial Velocity,3.39,0.36,-0.36,0,0.702,0.039,-0.039,0,0.83,0.05,-0.05,1.55,0.24,-0.24,0,492.6365,76.2792,-76.2792
WASP-5,b,WASP-5 b,Transit,0.0267,0.0012,-0.0008,0,0.038,0.026,-0.018,0,0.96,0.13,-0.09,1.58,0.13,-0.1,0,502.15,41.32,-31.78
HATS-40,b,HATS-40 b,Transit,0.04997,0.00074,-0.00074,0,0.312,,,1,1.56,0.07,-0.07,1.59,0.24,-0.24,0,505.3497,76.2792,-76.2792
OGLE-2017-BLG-1140L,b,OGLE-2017-BLG-1140L b,Microlensing,1.02,0.15,-0.15,0,,,,0,0.21,0.03,-0.03,1.59,0.35,-0.26,0,505.3497,111.2405,-82.6358
WASP-170,b,WASP-170 b,Transit,0.0337,0.0018,-0.0018,0,,,,0,0.93,0.15,-0.15,1.6,0.2,-0.2,0,508.528,63.566,-63.566
WASP-178,b,WASP-178 b,Transit,0.0558,0.001,-0.001,0,0,,,0,2.07,0.11,-0.11,1.66,0.12,-0.12,0,527.5978,38.1396,-38.1396
HD 82943,b,HD 82943 b,Radial Velocity,1.18306,0.00062,-0.00062,0,0.162,0.036,-0.036,0,1.2,0,0,1.681,0.028,-0.028,0,534.25,8.899,-8.899
WASP-114,b,WASP-114 b,Transit,0.02851,0.00039,-0.00039,0,0.012,0.022,-0.009,0,1.29,0.05,-0.05,1.769,0.064,-0.064,0,562.24127,20.34112,-20.34112
K2-31,b,K2-31 b,Transit,0.022,0.0018,-0.0018,0,0,,,0,0.91,0.06,-0.06,1.774,0.079,-0.079,0,563.83042,25.10857,-25.10857
WASP-43,b,WASP-43 b,Transit,0.0142,0.0004,-0.0004,0,0,,,0,0.58,0.05,0,1.78,0.1,-0.1,0,565.714,31.782,-31.782
TrES-5,b,TrES-5 b,Transit,0.02459,0.0007,-0.0007,0,,,,,0.9,0.03,-0.03,1.79,0.068,-0.068,0,568.9157,21.61244,-21.61244
WASP-37,b,WASP-37 b,Transit,0.0446,0.0019,-0.0019,0,0,,,0,0.93,0.12,0,1.8,0.17,-0.17,0,572.07,54.029,-54.029
OGLE-2018-BLG-1011L,b,OGLE-2018-BLG-1011L b,Microlensing,1.8,2.1,-1.5,0,,,,0,0.18,0.33,-0.1,1.8,3.4,-1.1,0,572.094,1080.622,-349.613
WASP-105,b,WASP-105 b,Transit,0.075,0.003,-0.003,0,0,,,0,0.89,0.09,-0.09,1.8,0.1,-0.1,0,572.094,31.783,-31.783
Kepler-117,c,Kepler-117 c,Transit,0.2804,0.0092,-0.0028,0,0.0323,0.0033,-0.0033,0,1.13,0.13,-0.02,1.84,0.18,-0.18,0,584.78,57.21,-57.21
HAT-P-36,b,HAT-P-36 b,Transit,0.0241,0.00047,-0.00047,0,,,,0,1.03,0.03,-0.03,1.8482,0.087,-0.087,0,587.41341,27.65121,-27.65121
OGLE-2012-BLG-0358L,b,OGLE-2012-BLG-0358L b,Microlensing,0.87,0.03,-0.03,0,,,,,0.02,0,0,1.85,0.19,-0.19,0,587.96,60.39,-60.39
HATS-1,b,HATS-1 b,Transit,0.0444,0.0008,-0.0008,0,0.12,0.092,-0.092,0,0.99,0.05,0,1.855,0.262,-0.196,0,589.55,83.268,-62.292
HD 202696,c,HD 202696 c,Radial Velocity,2.342,0.034,-0.035,0,0.028,0.065,-0.012,0,1.91,0.09,-0.14,1.864,0.177,-0.227,-1,592.43512,56.25591,-72.14741
WASP-163,b,WASP-163 b,Transit,0.0266,0.0014,-0.0014,0,,,,0,0.97,0.15,-0.15,1.87,0.21,-0.21,0,594.3421,66.7443,-66.7443
HATS-42,b,HATS-42 b,Transit,0.03689,0.00065,-0.00065,0,0.229,,,1,1.27,0.07,-0.07,1.88,0.15,-0.15,0,597.5204,47.6745,-47.6745
Qatar-7,b,Qatar-7 b,Transit,0.0352,0.0002,-0.0002,0,0,,,0,1.41,0.03,-0.03,1.88,0.25,-0.25,0,597.5204,79.4575,-79.4575
2MASS J19383260+4603591,b,2MASS J19383260+4603591 b,Eclipse Timing Variations,0.92,0.02,-0.02,0,,,,,0.48,0.03,-0.03,1.9,0.1,-0.1,0,603.877,31.783,-31.783
WASP-135,b,WASP-135 b,Transit,0.0243,0.0005,-0.0005,0,0,,,0,0.98,0.06,-0.06,1.9,0.08,-0.08,0,603.877,25.4264,-25.4264
TrES-3,b,TrES-3 b,Transit,0.02282,0.00023,-0.0004,0,0,,,0,0.93,0.05,0,1.91,0.075,-0.08,0,607.03,23.836,-25.425
WASP-46,b,WASP-46 b,Transit,0.02335,0.00072,-0.00072,0,,,,,0.83,0.08,-0.08,1.91,0.13,-0.13,0,607.0553,41.3179,-41.3179
KOI-3680,b,KOI-3680 b,Transit,0.534,0.012,-0.03,0,0.496,0.031,-0.031,0,1.01,0.07,-0.16,1.93,0.19,-0.21,0,613.4119,60.3877,-66.7443
HD 82943,c,HD 82943 c,Radial Velocity,0.74345,0.00012,-0.00012,0,0.3663,0.0097,-0.0097,0,1.2,0,0,1.959,0.047,-0.047,0,622.603,14.937,-14.937
HATS-18,b,HATS-18 b,Transit,0.0174,0.00098,-0.00098,0,,,,0,1.04,0.05,-0.05,1.9795,0.076,-0.076,0,629.14449,24.15508,-24.15508
HD 202696,b,HD 202696 b,Radial Velocity,1.566,0.016,-0.007,0,0.011,0.078,-0.011,0,1.91,0.09,-0.14,1.996,0.22,-0.1,-1,634.38868,69.9226,-31.783
KMT-2017-BLG-1038L,b,KMT-2017-BLG-1038L b,Microlensing,1.8,0.6,-0.5,0,,,,0,0.37,0.36,-0.2,2,2,-1.1,0,635.66,635.66,-349.613
Kepler-76,b,Kepler-76 b,Orbital Brightness Modulation,0.0274,0.002,-0.0019,0,,,,,1.2,0.2,-0.2,2.01,0.37,-0.35,0,638.8383,117.5971,-111.2405
Kepler-30,c,Kepler-30 c,Transit,0.3,0,0,0,0.0111,0.001,-0.001,0,0.99,0.08,-0.08,2.01,0.16,-0.16,0,640,50,-50
WASP-33,b,WASP-33 b,Transit,0.0239,0.00063,-0.00063,0,,,,0,1.5,0.03,-0.03,2.093,0.139,-0.139,0,665.21819,44.17837,-44.17837
Kepler-5,b,Kepler-5 b,Transit,0.0538,0.0015,-0.0021,0,,,,,1.37,0.04,-0.06,2.111,0.067,-0.086,0,670.93913,21.29461,-27.33338
WASP-164,b,WASP-164 b,Transit,0.02818,0.00065,-0.00072,0,0,,,0,0.95,0.07,-0.07,2.13,0.12,-0.13,0,676.9779,38.1396,-41.3179
WASP-53,b,WASP-53 b,Transit,0.04101,0.00083,-0.00091,0,0.03,,,1,0.84,0.05,-0.05,2.132,0.092,-0.094,0,677.61356,29.24036,-29.87602
HATS-15,b,HATS-15 b,Transit,0.02712,0.00023,-0.00023,0,0.126,,,1,0.87,0.02,-0.02,2.17,0.15,-0.15,0,689.6911,47.6745,-47.6745
WASP-87,b,WASP-87 b,Transit,0.02946,0.00075,-0.00075,0,0,,,0,1.2,0.09,-0.09,2.18,0.15,-0.15,0,692.8694,47.6745,-47.6745
Kepler-40,b,Kepler-40 b,Transit,0.08,0.003,-0.003,0,0,,,0,1.48,0.06,-0.06,2.2,0.4,-0.4,0,699.2,127.1,-127.1
HATS-52,b,HATS-52 b,Transit,0.02498,0.0004,-0.0004,0,0.246,,,1,1.11,0.05,-0.05,2.24,0.15,-0.15,0,711.9392,47.6745,-47.6745
CoRoT-21,b,CoRoT-21 b,Transit,0.0417,0.0011,-0.0011,0,0,,,0,1.29,0.09,-0.09,2.26,0.31,-0.31,0,718.2958,98.5273,-98.5273
HATS-24,b,HATS-24 b,Transit,0.0238,0.001,-0.001,0,0,,,0,1.07,0.03,-0.05,2.26,0.17,-0.17,0,718.2958,54.0311,-54.0311
GJ 876,b,GJ 876 b,Radial Velocity,0.208317,0.00002,-0.00002,0,0.0324,0.0013,-0.0013,0,0.32,0.03,-0.03,2.2756,0.0045,-0.0045,0,723.2235,1.4302,-1.4302
NN Ser,d,NN Ser d,Eclipse Timing Variations,3.43,0.14,-0.14,0,0.19,0.05,-0.05,0,0.54,0,0,2.3,0.5,-0.5,0,731,158.9,-158.9
WASP-192,b,WASP-192 b,Transit,0.0408,0.0008,-0.0008,0,0,,,0,1.09,0.06,-0.06,2.3,0.16,-0.16,0,731.009,50.8528,-50.8528
POTS-1,b,POTS-1 b,Transit,0.03734,0.0009,-0.0009,0,,,,,0.69,0.05,-0.05,2.31,0.77,-0.77,0,734.16,244.72,-244.72
CoRoT-11,b,CoRoT-11 b,Transit,0.0436,0.005,-0.005,0,0,,,0,1.27,0.05,-0.05,2.33,0.34,-0.34,0,740.51,108.06,-108.06
WASP-36,b,WASP-36 b,Transit,0.02677,0.00028,-0.00028,0,,,,,1.08,0.03,-0.03,2.361,0.07,-0.07,0,750.39663,22.2481,-22.2481
NGTS-3 A,b,NGTS-3 A b,Transit,0.023,0.007,-0.005,0,,,,0,1.02,0.09,-0.09,2.38,0.26,-0.26,0,756.4354,82.6358,-82.6358
Kepler-539,c,Kepler-539 c,Transit Timing Variations,2.42,0.5,-0.51,0,0.5,0.1,-0.1,0,1.05,0.04,-0.04,2.4,1.2,-1.2,0,762.792,381.396,-381.396
CoRoT-17,b,CoRoT-17 b,Transit,0.0461,0.0008,-0.0008,0,0,,,0,1.04,0.1,-0.1,2.43,0.3,-0.3,0,772.29,95.34,-95.34
WASP-140,b,WASP-140 b,Transit,0.0323,0.0005,-0.0005,0,0.047,0.0035,-0.0035,0,0.9,0.04,-0.04,2.44,0.07,-0.07,0,775.5052,22.2481,-22.2481
Kepler-17,b,Kepler-17 b,Transit,0.02591,0.00037,-0.00036,0,0.011,,,1,1.16,0.06,-0.06,2.45,0.11,-0.11,0,778.65,34.96,-34.96
WASP-161,b,WASP-161 b,Transit,0.0673,0.0023,-0.0023,0,,,,0,1.39,0.14,-0.14,2.49,0.21,-0.21,0,791.3967,66.7443,-66.7443
Qatar-2,b,Qatar-2 b,Transit,0.02153,0.0002,-0.0002,0,0,,,0,0.74,0.02,-0.02,2.494,0.054,-0.054,0,792.635,17.162,-17.162
GJ 317,b,GJ 317 b,Radial Velocity,1.15,0.05,-0.05,0,0.11,0.05,-0.05,0,0.42,0.05,-0.05,2.5,0.7,-0.4,0,794.5,222.5,-127.1
Kepler-419,b,Kepler-419 b,Transit,0.37,0.007,-0.006,0,0.833,0.013,-0.013,0,1.39,0.08,-0.07,2.5,0.3,-0.3,0,794.5,95.3,-95.3
HD 97048,b,HD 97048 b,Disk Kinematics,130,0,0,0,,,,0,2.4,0,0,2.5,0.5,-0.5,0,794.575,158.915,-158.915
PSR B1620-26,b,PSR B1620-26 b,Pulsar Timing,23,0,0,0,,,,,1.35,0,0,2.5,1,-1,0,794.575,317.83,-317.83
TOI 150,b,TOI 150.01,Transit,0.07037,0.00087,-0.00088,0,0.262,0.045,-0.037,0,1.35,0.04,-0.03,2.51,0.12,-0.12,0,797.7533,38.1396,-38.1396
OGLE-2015-BLG-1649L,b,OGLE-2015-BLG-1649L b,Microlensing,2.07,0.65,-0.77,0,,,,0,0.34,0.19,-0.19,2.54,1.48,-1.39,0,807.2882,470.3884,-441.7837
MOA-2009-BLG-387L,b,MOA-2009-BLG-387L b,Microlensing,1.82,0.84,-0.73,0,,,,,0.19,0.3,-0.12,2.56,4.15,-1.58,0,813.6448,1318.9945,-502.1714
OGLE-2003-BLG-235L,b,OGLE-2003-BLG-235L b,Microlensing,4.3,2.5,-0.8,0,,,,,0.63,0.07,-0.09,2.6,0.8,-0.6,0,826.358,254.264,-190.698
WASP-141,b,WASP-141 b,Transit,0.0469,0.0007,-0.0007,0,0,,,0,1.25,0.06,-0.06,2.69,0.15,-0.15,0,854.9627,47.6745,-47.6745
OGLE-2013-BLG-1761L,b,OGLE-2013-BLG-1761L b,Microlensing,1.8,0.5,-0.5,0,,,,0,0.33,0.32,-0.19,2.7,2.5,-1.5,0,858.141,794.575,-476.745
OGLE-2012-BLG-0406L,b,OGLE-2012-BLG-0406L b,Microlensing,3.45,0.26,-0.26,0,,,,,0.44,0.07,-0.07,2.73,0.43,-0.43,0,867.64,136.66,-136.66
HATS-22,b,HATS-22 b,Transit,0.05025,0.00042,-0.00042,0,0.079,0.026,-0.026,0,0.76,0.02,-0.02,2.74,0.11,-0.11,0,870.8542,34.9613,-34.9613
CoRoT-10,b,CoRoT-10 b,Transit,0.1055,0.0021,-0.0021,0,0.53,0.04,-0.04,0,0.89,0.05,-0.05,2.75,0.16,-0.16,0,874,50.85,-50.85
KELT-16,b,KELT-16 b,Transit,0.02044,0.00024,-0.00026,0,0,,,0,1.21,0.04,-0.05,2.75,0.16,-0.15,0,874.0325,50.8528,-47.6745
WASP-158,b,WASP-158 b,Transit,0.0517,0.0018,-0.0018,0,0,,,0,1.38,0.14,-0.14,2.79,0.23,-0.23,0,886.7457,73.1009,-73.1009
CoRoT-23,b,CoRoT-23 b,Transit,0.048,0.004,-0.004,0,0.16,0.02,-0.02,0,1.14,0.08,-0.08,2.8,0.3,-0.3,0,889.9,95.3,-95.3
MOA-2016-BLG-227L,b,MOA-2016-BLG-227L b,Microlensing,1.67,0.94,-0.35,0,,,,,0.29,0.23,-0.15,2.8,2.2,-1.5,0,889.924,699.226,-476.745
OGLE-2018-BLG-1011L,c,OGLE-2018-BLG-1011L c,Microlensing,0.8,0.9,-0.6,0,,,,0,0.18,0.33,-0.1,2.8,5.1,-1.7,0,889.924,1620.933,-540.311
Kepler-433,b,Kepler-433 b,Transit,0.0679,0.0027,-0.0027,0,0.119,0.079,-0.079,0,1.46,0.17,-0.17,2.82,0.52,-0.52,0,896.24,165.26,-165.26
Kepler-434,b,Kepler-434 b,Transit,0.1143,0.003,-0.003,0,0.131,0.072,-0.072,0,1.2,0.09,-0.09,2.86,0.35,-0.35,0,908.96,111.24,-111.24
KELT-9,b,KELT-9 b,Transit,0.03462,0.0011,-0.00093,0,0,,,0,2.52,0.25,-0.2,2.88,0.84,-0.84,0,915.3504,266.9772,-266.9772
NGTS-9,b,NGTS-9 b,Transit,0.058,0.003,-0.002,0,0.06,0.076,-0.052,0,1.34,0.05,-0.05,2.9,0.17,-0.17,0,921.707,54.0311,-54.0311
CoRoT-6,b,CoRoT-6 b,Transit,0.0855,0.0015,-0.0015,0,0.1,,,1,1.05,0.05,-0.05,2.96,0.34,-0.34,0,940.74,108.06,-108.06
EPIC 246851721,b,EPIC 246851721 b,Transit,0.07229,0.00074,-0.00075,0,,,,0,1.32,0.04,-0.04,3,1.1,-1.2,0,953.49,349.613,-381.396
OGLE-2014-BLG-0676L,b,OGLE-2014-BLG-0676L b,Microlensing,4.4,2.16,-1.46,0,,,,,0.62,0.2,-0.22,3.09,1.02,-1.12,0,982.0947,324.1866,-355.9696
HATS-57,b,HATS-57 b,Transit,0.03493,0.00021,-0.0003,0,0.028,,,1,1.03,0.02,-0.03,3.147,0.073,-0.073,0,1000.21101,23.20159,-23.20159
WASP-10,b,WASP-10 b,Transit,0.03781,0.00067,-0.00047,0,,,,,0.75,0.04,0,3.15,0.13,-0.11,0,1001.12,41.32,-34.96
Kepler-43,b,Kepler-43 b,Transit,0.046,0.0026,-0.0025,0,,,,,1.32,0.09,-0.09,3.23,0.26,-0.26,0,1026.5909,82.6358,-82.6358
eps Ind A,b,eps Ind A b,Radial Velocity,11.55,0.98,-0.86,0,0.26,0.07,-0.03,0,0.75,0.04,-0.04,3.25,0.39,-0.65,0,1032.9475,123.9537,-206.5895
HATS-16,b,HATS-16 b,Transit,0.03744,0.00045,-0.00045,0,0,,,1,0.97,0.04,-0.04,3.27,0.19,-0.19,0,1039.3041,60.3877,-60.3877
KMT-2016-BLG-1107L,b,KMT-2016-BLG-1107L b,Microlensing,0.342,0.07,-0.085,0,,,,0,0.09,0.09,-0.05,3.283,3.468,-1.835,0,1043.43589,1102.23444,-583.21805
KELT-20,b,KELT-20 b,Transit,0.0542,0.0014,-0.0021,0,,,,0,1.76,0.14,-0.19,3.382,0,0,1,1074.90106,0,0
HATS-61,b,HATS-61 b,Transit,0.07908,0.00033,-0.00033,0,0.092,,,0,1.08,0.01,-0.01,3.4,0.14,-0.14,0,1080.622,44.4962,-44.4962
OGLE-2015-BLG-0954L,b,OGLE-2015-BLG-0954L b,Microlensing,1.6,1.3,-0.7,0,,,,0,0.3,0.34,-0.14,3.4,3.7,-1.6,0,1080.622,1175.971,-508.528
CoRoT-18,b,CoRoT-18 b,Transit,0.0295,0.0016,-0.0016,0,0.08,,,1,0.95,0.15,-0.15,3.47,0.38,-0.38,0,1102.82,120.77,-120.77
CoRoT-2,b,CoRoT-2 b,Transit,0.02798,0.00076,-0.0008,0,0.0143,0.0077,-0.0076,0,0.96,0.08,-0.08,3.47,0.22,-0.22,0,1102.82,69.92,-69.92
HAT-P-69,b,HAT-P-69 b,Transit,0.06555,0.0007,-0.00035,0,0,,,0,1.65,0.06,-0.03,3.58,0.58,-0.58,0,1137.8314,184.3414,-184.3414
WASP-173 A,b,WASP-173 A b,Transit,0.0248,0.0006,-0.0006,0,0,,,0,1.05,0.08,-0.08,3.69,0.18,-0.18,0,1172.7927,57.2094,-57.2094
MOA-bin-1L,b,MOA-bin-1L b,Microlensing,8.3,4.5,-2.7,0,,,,,0.75,0.33,-0.41,3.7,2.1,-2.1,0,1175.9,667.4,-667.4
MASCARA-1,b,MASCARA-1 b,Transit,0.043,0.005,-0.005,0,0,,,0,1.72,0.07,-0.07,3.7,0.9,-0.9,0,1175.971,286.047,-286.047
HD 128311,c,HD 128311 c,Radial Velocity,1.74,0.01,-0.01,0,0.159,0.006,-0.006,0,0.83,0.01,-0.01,3.789,0.924,-0.432,0,1204.25787,293.67492,-137.30256
OGLE-2005-BLG-071L,b,OGLE-2005-BLG-071L b,Microlensing,3.6,0.2,-0.2,0,,,,,0.46,0.04,-0.04,3.8,0.4,-0.4,0,1207.7,127.1,-127.1
SWEEPS-4,b,SWEEPS-4 b,Transit,0.055,0,0,0,,,,,1.24,0,0,3.8,0,0,0,1207.7,0,0
55 Cnc,d,55 Cnc d,Radial Velocity,5.503,0.03,-0.03,0,0.019,0.013,-0.013,0,0.91,0.01,-0.01,3.878,0.068,-0.068,0,1232.493,21.612,-21.612
KELT-21,b,KELT-21 b,Transit,0.05224,0.00035,-0.00034,0,0,,,0,1.46,0.03,-0.03,3.91,0,0,1,1242.7153,0,0
2MASS J12073346-3932539,b,2MASS J12073346-3932539 b,Imaging,46,5,-5,0,,,,,0.02,0,0,4,1,-1,0,1271,318,-318
GJ 504,b,GJ 504 b,Imaging,43.5,0,0,0,,,,,1.22,0.08,-0.08,4,4.5,-1,0,1271.3,1430.2,-317.8
WTS-1,b,WTS-1 b,Transit,0.047,0.001,-0.001,0,0.1,,,1,1.2,0.1,-0.1,4.01,0.35,-0.35,0,1274.44,111.24,-111.24
KELT-19 A,b,KELT-19 A b,Transit,0.0637,0.0031,-0.0027,0,,,,0,1.62,0.25,-0.2,4.07,0,0,1,1293.5681,0,0
Kepler-32,b,Kepler-32 b,Transit,0.05,0,0,0,,,,,0.58,0.05,-0.05,4.1,0,0,1,1303,0,0
MOA-2008-BLG-379L,b,MOA-2008-BLG-379L b,Microlensing,3.3,1.7,-1.2,0,,,,,0.56,0.24,-0.27,4.1,1.7,-1.9,0,1303,540.3,-603.9
OGLE-2016-BLG-0263L,b,OGLE-2016-BLG-0263L b,Microlensing,5.4,1.1,-1.6,0,,,,0,0.13,0.21,-0.08,4.1,6.5,-2.5,0,1303.103,2065.895,-794.575
OGLE-2016-BLG-0613L AB,b,OGLE-2016-BLG-0613L AB b,Microlensing,6.4,2.51,-2.63,0,,,,0,0.72,0.55,-0.42,4.18,3.19,-2.43,0,1328.5294,1013.8777,-772.3269
HAT-P-16,b,HAT-P-16 b,Transit,0.0413,0.0004,-0.0004,0,0.036,0.004,-0.004,0,1.22,0.04,-0.04,4.193,0.094,-0.094,0,1332.605,29.875,-29.875
CoRoT-20,b,CoRoT-20 b,Transit,0.09,0.002,-0.002,0,0.59,0.02,-0.02,0,1.14,0.08,-0.08,4.3,0.2,-0.2,0,1366.669,63.566,-63.566
Qatar-3,b,Qatar-3 b,Transit,0.03783,0.00069,-0.00069,0,0,,,0,1.15,0.06,-0.06,4.31,0.47,-0.47,0,1369.8473,149.3801,-149.3801
Qatar-5,b,Qatar-5 b,Transit,0.04127,0.00067,-0.00067,0,0,,,0,1.13,0.06,-0.06,4.32,0.18,-0.18,0,1373.0256,57.2094,-57.2094
XO-6,b,XO-6 b,Transit,0.0815,0.0077,-0.0077,0,0,,,0,1.47,0.06,-0.06,4.4,0,0,1,1398.452,0,0
OGLE2-TR-L9,b,OGLE2-TR-L9 b,Transit,0.0308,0.0005,-0.0005,0,,,,,1.52,0.08,0,4.5,1.5,-1.5,0,1430.175,476.725,-476.725
KMT-2016-BLG-1820L,b,KMT-2016-BLG-1820L b,Microlensing,1.08,0.22,-0.24,0,,,,0,0.04,0.04,-0.02,4.57,5.03,-2.14,0,1452.4831,1598.6849,-680.1562
OGLE-2008-BLG-355L,b,OGLE-2008-BLG-355L b,Microlensing,1.7,0.29,-0.3,0,,,,,0.37,0.3,-0.17,4.6,3.7,-2.2,0,1462,1175.9,-699.2
Kepler-31,c,Kepler-31 c,Transit,0.26,0,0,0,,,,,1.21,0.17,-0.17,4.7,0,0,1,1493.7,0,0
MOA-2011-BLG-293L,b,MOA-2011-BLG-293L b,Microlensing,1.1,0.1,-0.1,0,,,,,0.86,0.06,-0.06,4.8,0.3,-0.3,0,1525.5,95.3,-95.3
OGLE-2018-BLG-0740L,b,OGLE-2018-BLG-0740L b,Microlensing,6.1,0.6,-0.6,0,0,,,0,1,0.1,-0.1,4.8,0.6,-0.6,0,1525.584,190.698,-190.698
WASP-120,b,WASP-120 b,Transit,0.0514,0.0007,-0.0007,0,0.057,0.022,-0.018,0,1.39,0.06,-0.06,4.85,0.21,-0.21,0,1541.4755,66.7443,-66.7443
HD 95086,b,HD 95086 b,Imaging,55.7,2.5,-2.5,0,,,,,1.6,0,0,5,2,-2,0,1589,636,-636
KELT-24,b,KELT-24 b,Transit,0.06969,0.00087,-0.00096,0,0.077,0.024,-0.025,0,1.46,0.06,-0.06,5.18,0.21,-0.22,0,1646.3594,66.7443,-69.9226
WASP-162,b,WASP-162 b,Transit,0.0871,0.0013,-0.0013,0,0.434,0.005,-0.005,0,0.95,0.04,-0.04,5.2,0.2,-0.2,0,1652.716,63.566,-63.566
HATS-66,b,HATS-66 b,Transit,0.04714,0.00025,-0.00025,0,0.064,,,0,1.41,0.02,-0.02,5.33,0.68,-0.68,0,1694.0339,216.1244,-216.1244
Kepler-432,b,Kepler-432 b,Transit,0.301,0.016,-0.011,0,0.5134,0.0098,-0.0089,0,1.32,0.1,-0.07,5.41,0.32,-0.18,0,1719.4603,101.7056,-57.2094
TOI 172,b,TOI 172 b,Transit,0.0914,0.0017,-0.0017,0,0.3806,0.0093,-0.009,0,1.13,0.07,-0.06,5.42,0.22,-0.2,0,1722.6386,69.9226,-63.566
Kepler-1658,b,Kepler-1658 b,Transit,0.0544,0.0007,-0.0007,0,0.0628,0.0197,-0.0185,0,1.45,0.06,-0.06,5.88,0.47,-0.46,0,1868.8404,149.3801,-146.2018
WASP-89,b,WASP-89 b,Transit,0.0427,0.0012,-0.0012,0,0.193,0.009,-0.009,0,0.92,0.08,-0.08,5.9,0.4,-0.4,0,1875.197,127.132,-127.132
Qatar-4,b,Qatar-4 b,Transit,0.02803,0.00048,-0.00048,0,0,,,0,0.9,0.05,-0.05,6.1,0.54,-0.54,0,1938.763,171.6282,-171.6282
Ross 458,c,Ross 458 c,Imaging,1168,0,0,0,,,,,0.49,0,0,6.28536,0,0,0,1997.59,0,0
UZ For,b,UZ For b,Eclipse Timing Variations,5.9,1.4,-1.4,0,0.04,0.05,-0.05,0,0.7,0,0,6.3,1.5,-1.5,-1,2002.2,476.7,-476.7
HAT-P-70,b,HAT-P-70 b,Transit,0.04739,0.00031,-0.00106,0,0,,,0,1.89,0.01,-0.01,6.78,0,0,0,2154.8874,0,0
Kepler-31,d,Kepler-31 d,Transit,0.4,0,0,0,,,,,1.21,0.17,-0.17,6.8,0,0,1,2161.244,0,0
KMT-2016-BLG-1397L,b,KMT-2016-BLG-1397L b,Microlensing,5.1,1.5,-1.7,0,,,,0,0.45,0.33,-0.28,7,5.2,-4.3,0,2224.81,1652.716,-1366.669
HAT-P-20,b,HAT-P-20 b,Transit,0.0361,0.0005,-0.0005,0,0.015,0.005,-0.005,0,0.76,0.03,-0.03,7.246,0.187,-0.187,0,2302.899,59.432,-59.432
Kepler-419,c,Kepler-419 c,Transit Timing Variations,1.68,0.03,-0.03,0,0.184,0.002,-0.002,0,1.39,0.08,-0.07,7.3,0.4,-0.4,0,2320.1,127.1,-127.1
NN Ser,c,NN Ser c,Eclipse Timing Variations,5.35,0.06,-0.06,0,0.08,0.05,-0.05,0,0.54,0,0,7.33,0.31,-0.31,0,2329.6,98.52,-98.52
2MASS J04414489+2301513,b,2MASS J04414489+2301513 b,Imaging,15,0,0,0,,,,,0.02,0,0,7.5,2.5,-2.5,0,2383.6,794.5,-794.5
WD 0806-661,b,WD 0806-661 b,Imaging,2500,0,0,0,,,,,0.62,0.03,-0.03,7.5,1.5,-1.5,0,2383.6,476.7,-476.7
CoRoT-14,b,CoRoT-14 b,Transit,0.027,0.002,-0.002,0,0,,,0,1.13,0.09,-0.09,7.6,0.6,-0.6,0,2415.4,190.7,-190.7
KIC 5095269,b,KIC 5095269 b,Eclipse Timing Variations,0.8,0.005,-0.005,0,0.0603,0.0021,-0.0021,0,1.21,0,0,7.693,0.054,-0.054,0,2445.06619,17.16282,-17.16282
UZ For,c,UZ For c,Eclipse Timing Variations,2.8,0.5,-0.5,0,0.05,0.05,-0.05,0,0.7,0,0,7.7,1.2,-1.2,-1,2447.2,381.4,-381.4
PDS 70,b,PDS 70 b,Imaging,22,0,0,0,,,,0,0.76,0.02,-0.02,8,6,-6,0,2542.64,1906.98,-1906.98
WASP-167,b,WASP-167 b,Transit,0.0365,0.0006,-0.0006,0,,,,0,1.59,0.08,-0.08,8,0,0,1,2542.64,0,0
MOA-2012-BLG-006L,b,MOA-2012-BLG-006L b,Microlensing,10.2,1.8,-2.4,0,,,,0,0.49,0.27,-0.23,8.4,4.6,-3.9,0,2669.772,1462.018,-1239.537
ROXs 42 B,b,ROXs 42 B b,Imaging,157,0,0,0,,,,,1,0,0,9,3,-3,0,2860,953,-953
HIP 65426,b,HIP 65426 b,Imaging,92,0,0,0,,,,0,1.96,0.04,-0.04,9,3,-3,0,2860.47,953.49,-953.49
bet Pic,c,bet Pic c,Radial Velocity,2.7,0,0,0,0.24,,,0,1.76,0.18,-0.17,9,0,0,0,2860.47,0,0
Kepler-27,b,Kepler-27 b,Transit,0.118,0,0,0,,,,,0.65,0.16,-0.16,9.11,0,0,1,2895.31,0,0
KOI-13,b,KOI-13 b,Transit,0.03641,0.00087,-0.00087,0,0.00064,0.00012,-0.00016,0,1.72,0.1,-0.1,9.28,0.16,-0.16,0,2949.4624,50.8528,-50.8528
1RXS J160929.1-210524,b,1RXS J160929.1-210524 b,Imaging,330,0,0,0,,,,,0.85,0.2,-0.1,8,1,-1,0,3000,300,-300
SWEEPS-11,b,SWEEPS-11 b,Transit,0.03,0,0,0,,,,,1.1,0,0,9.7,5.6,-4.5,0,3082.82,1779.77,-1430.17
HATS-41,b,HATS-41 b,Transit,0.0583,0.0015,-0.001,0,0.38,0.11,-0.11,0,1.5,0.12,-0.08,9.7,1.6,-1.6,0,3082.951,508.528,-508.528
Kepler-75,b,Kepler-75 b,Transit,0.0818,0.0012,-0.0012,0,0.57,0.01,-0.01,0,0.91,0.04,-0.04,10.1,0.4,-0.4,0,3209.9,127.1,-127.1
CoRoT-27,b,CoRoT-27 b,Transit,0.0476,0.0066,-0.0066,0,0.065,,,1,1.05,0.11,-0.11,10.39,0.55,-0.55,0,3302.11,174.8,-174.8
WASP-18,b,WASP-18 b,Transit,0.02,0,0,0,,,,0,1.22,0,0,10.42954,0,0,0,3314.82,0,0
CFBDSIR J145829+101343,b,CFBDSIR J145829+101343 b,Imaging,2.6,0.3,-0.3,0,,,,,0.02,0.01,-0.01,10.5,4.5,-4.5,0,3337.1,1430.2,-1430.2
DH Tau,b,DH Tau b,Imaging,330,0,0,0,,,,,0.33,0,0,11,10,-3,0,3496,3178,-953
HD 106906,b,HD 106906 b,Imaging,650,0,0,0,,,,,1.5,0.1,-0.1,11,2,-2,0,3496,636,-636
MOA-2010-BLG-073L,b,MOA-2010-BLG-073L b,Microlensing,1.21,0.16,-0.16,0,,,,,0.16,0.03,-0.03,11,2,-2,0,3496,635.6,-635.6
VHS J125601.92-125723.9,b,VHS J125601.92-125723.9 b,Imaging,102,9,-9,0,,,,,0.07,0.02,-0.01,11.2,9.7,-1.8,0,3559.696,3082.951,-572.094
GU Psc,b,GU Psc b,Imaging,2000,200,-200,0,,,,,0.33,0.03,-0.03,11.3,1.7,-1.7,0,3591.3,540.3,-540.3
MOA-2011-BLG-322L,b,MOA-2011-BLG-322L b,Microlensing,4.3,1.5,-1.2,0,,,,,0.39,0.45,-0.19,11.6,13.4,-5.6,0,3686.7,4258.7,-1779.8
2MASS J22362452+4751425,b,2MASS J22362452+4751425 b,Imaging,230,20,-20,0,,,,,0.6,0.05,-0.05,12.5,1.5,-1.5,0,3972.875,476.745,-476.745
CHXR 73,b,CHXR 73 b,Imaging,210,0,0,0,,,,,0.35,0,0,12.569,8.379,-5.237,0,3994.486,2662.991,-1664.369
OGLE-2013-BLG-0102L,b,OGLE-2013-BLG-0102L b,Microlensing,0.8,0.08,-0.08,0,,,,,0.1,0.01,-0.01,12.569,2.095,-2.095,0,3994.486,665.748,-665.748
HATS-70,b,HATS-70 b,Transit,0.03632,0.00074,-0.00087,0,0.18,,,1,1.78,0.12,-0.12,12.9,1.8,-1.6,0,4100.007,572.094,-508.528
EPIC 248847494,b,EPIC 248847494 b,Transit,4.5,1,-1,0,0,,,0,0.9,0.09,-0.09,13,0,0,1,4131.79,0,0
OGLE-2016-BLG-1190L,b,OGLE-2016-BLG-1190L b,Microlensing,2.17,1.87,-0.38,0,,,,0,0.88,0.06,-0.05,13.38,0.88,-0.82,0,4252.5654,279.6904,-260.6206
kap And,b,kap And b,Imaging,55,2,-2,0,,,,,2.6,0.2,-0.2,13.616,23.042,-1.047,0,4327.36,7323.224,-332.874
Kepler-27,c,Kepler-27 c,Transit,0.191,0,0,0,,,,,0.65,0.16,-0.16,13.8,0,0,1,4385.87,0,0
2MASS J02192210-3925225,b,2MASS J02192210-3925225 b,Imaging,156,10,-10,0,,,,,0.11,0.01,-0.01,13.9,1.1,-1.1,0,4417.837,349.613,-349.613
Oph 11,b,Oph 11 b,Imaging,243,55,-55,0,,,,,0.02,0,-0.01,14,6,-5,0,4449.62,1906.98,-1589.15
USco CTIO 108,b,USco CTIO 108 b,Imaging,670,0,0,0,,,,,0.06,0.02,-0.02,14,2,-8,0,4449.62,635.66,-2542.64
KMT-2016-BLG-2142L,b,KMT-2016-BLG-2142L b,Microlensing,0.83,0.15,-0.2,0,,,,0,0.07,0.12,-0.04,15.49,24.99,-8.58,0,4923.1867,7942.5717,-2726.9814
GSC 06214-00210,b,GSC 06214-00210 b,Imaging,320,30,-30,0,,,,,0.9,0.1,-0.1,16,1,-1,0,5000,300,-300
ROXs 12,b,ROXs 12 b,Imaging,210,20,-20,0,,,,,0.87,0.08,-0.08,16,4,-4,0,5085,1271,-1271
FU Tau,b,FU Tau b,Imaging,800,0,0,0,,,,,0.05,0,0,16,0,0,0,5085.28,0,0
HD 202206,c,HD 202206 c,Radial Velocity,2.41,0,0,0,0.22,0.03,-0.03,0,1.27,0.12,-0.12,17.9,2.9,-1.8,0,5689.157,921.707,-572.094
KMT-2016-BLG-0212L,b,KMT-2016-BLG-0212L b,Microlensing,2.2,0.7,-0.7,0,,,,0,0.48,0.38,-0.26,18,20,-11,0,5720.94,6356.6,-3496.13
GQ Lup,b,GQ Lup b,Imaging,100,0,0,0,,,,,0.7,0,0,20,0,0,0,6356,0,0
Kepler-39,b,Kepler-39 b,Transit,0.164,0.003,-0.003,0,0.112,0.057,-0.057,0,1.29,0.06,-0.07,20.1,1.3,-1.3,0,6388.1,413.2,-381.4
HIP 79098 AB,b,HIP 79098 AB b,Imaging,345,6,-6,0,,,,0,3.75,1.25,-1.25,20.5,4.5,-4.5,0,6515.515,1430.235,-1430.235
HN Peg,b,HN Peg b,Imaging,773,13,-13,0,,,,,1.1,0,0,21.9987,9.42803,-9.42803,0,6991.57,2996.39,-2996.39
WISEP J121756.91+162640.2 A,b,WISEP J121756.91+162640.2 A b,Imaging,8,1.3,-1.3,0,,,,,0.03,0.01,-0.01,22,2,-2,0,6992,636,-636
KOI-12,c,Kepler-448 c,Transit Timing Variations,4.2,2.4,-0.9,0,0.65,0.13,-0.09,0,1.5,0.1,-0.1,22,7,-5,0,6992.26,2224.81,-1589.15
nu Oph,b,nu Oph b,Radial Velocity,1.79,0,0,0,0.124,0.003,-0.003,0,2.7,0.2,-0.2,22.206,0,0,0,7057.73298,0,0
HIP 78530,b,HIP 78530 b,Imaging,740,60,-60,0,,,,,2.5,0,0,23,1,-1,0,7300,300,-300
MXB 1658-298,b,MXB 1658-298 b,Eclipse Timing Variations,1.613,0.11,-0.11,0,,,,0,1.98,0,0,23.7,3.2,-3.2,0,7532.571,1017.056,-1017.056
2MASS J01225093-2439505,b,2MASS J01225093-2439505 b,Imaging,52,6,-6,0,,,,,0.4,0.05,-0.05,24.5,2.5,-2.5,0,7786.5,794.5,-794.5
nu Oph,c,nu Oph c,Radial Velocity,5.931,0,0,0,0.18,0.006,-0.006,0,2.7,0.2,-0.2,24.662,0,0,0,7838.32346,0,0
KELT-1,b,KELT-1 b,Transit,0.02466,0.00016,-0.00016,0,0.0099,0.01,-0.0069,0,1.32,0.03,0,27.23,0.5,-0.48,0,8654.15,158.908,-152.552
DENIS-P J082303.1-491201,b,DENIS-P J082303.1-491201 b,Astrometry,0.36,0.01,-0.01,0,0.345,0.068,-0.064,0,0.07,0.01,-0.01,28.5,1.9,-1.9,0,9057.77,603.85,-603.85
HR 2562,b,HR 2562 b,Imaging,20.3,0.3,-0.3,0,,,,,1.3,0,0,30,15,-15,0,9534.9,4767.45,-4767.45
